distrito,tipo_especie,cantidad,valor,numero_inicio,numero_fin,serie,check
ESPECIES DISTRITO METAPAN,01. vialidad,305,0.57,33696,34000,C,OK
ESPECIES DISTRITO METAPAN,01. vialidad,400,3.43,132801,133200,C,OK
ESPECIES DISTRITO METAPAN,01. vialidad,3000,3.43,257801,260800,C,OK
ESPECIES DISTRITO METAPAN,02. tiquetes mercado,34752,0.12,765249,800000,Z,OK
ESPECIES DISTRITO METAPAN,02. tiquetes mercado,140000,0.12,840001,980000,X,OK
ESPECIES DISTRITO METAPAN,02. tiquetes mercado,10000,0.5,330001,340000,D,OK
ESPECIES DISTRITO METAPAN,02. tiquetes mercado,4000,1.0,836001,840000,B,OK
ESPECIES DISTRITO METAPAN,02. tiquetes mercado,190000,0.15,70001,260000,C,OK
ESPECIES DISTRITO METAPAN,02. tiquetes mercado,20000,0.15,980001,1000000,B,OK
ESPECIES DISTRITO METAPAN,02. tiquetes mercado,70000,0.5,580001,650000,D,OK
ESPECIES DISTRITO METAPAN,04. cartas de vta-,7000,1050.0,302501,309500,A,OK
ESPECIES DISTRITO METAPAN,07. formulas 1-1-sam,17500,1750.0,237501,255000,E,OK
ESPECIES DISTRITO METAPAN,07. formulas 1-1-sam,17500,1750.0,255001,272500,E,OK
ESPECIES DISTRITO METAPAN,07. formulas 1-1-sam,10000,1000.0,277501,287500,E,OK
ESPECIES DISTRITO METAPAN,07. formulas 1-1-sam,2500,250.0,435001,437500,D,OK
ESPECIES DISTRITO METAPAN,07. formulas 1-1-sam,5000,500.0,145001,150000,E,OK
ESPECIES DISTRITO METAPAN,08. titulos cementerio,150,0.53,249651,249800,A,OK
DISTRITO DE MASAHUAT,01. VIALIDADES,200,0.57,38101,38300,C,OK
DISTRITO DE MASAHUAT,01. VIALIDADES,90,3.43,999211,999300,C,OK
DISTRITO DE MASAHUAT,01. VIALIDADES,100,3.43,133801,133900,C,OK
DISTRITO DE MASAHUAT,01. VIALIDADES,100,3.43,227601,227700,C,OK
DISTRITO DE MASAHUAT,02. CARTA DE VENTA CONTINUA,2750,412.5,311251,314000,A,OK
DISTRITO DE MASAHUAT,03. TARJETAS PARA CARNET DE IDENTIFICACION,100,0.3,31401,31500,A,OK
DISTRITO DE MASAHUAT,03. TARJETAS PARA CARNET DE IDENTIFICACION,100,0.3,66701,66800,A,OK
DISTRITO DE MASAHUAT,04. FORMULA 1-ISAM FORMA PLANA,162,9.72,139339,139500,L,OK
DISTRITO DE MASAHUAT,05. FORMULA 1-ISAM CONTINUA,5000,500.0,150001,155000,E,OK
DISTRITO DE MASAHUAT,05. FORMULA 1-ISAM CONTINUA,2500,250.0,225001,227500,E,OK
DISTRITO DE MASAHUAT,06. TITULOS A PERPETUIDAD,50,0.53,249801,249850,A,OK
DISTRITO DE MASAHUAT,07. BOLETOS DE COBRO DE MATERIAL PETREO,150,0.06,1851,2000,A,OK
DISTRITO DE MASAHUAT,08. TARJETA DE INMUEBLES,100,0.26,29451,29550,A,OK
DISTRITO DE MASAHUAT,08. TARJETA DE INMUEBLES,100,0.26,21601,21700,A,OK
DISTRITO DE MASAHUAT,08. TARJETA DE INMUEBLES,2,0.26,98903,98904,A,OK
DISTRITO DE MASAHUAT,09. TARJETAS DE EMPRESA,100,0.26,24501,24600,A,OK
ESPECIES DISTRITO DE SANTA ROSA GUACHIPILIN,01. VIALIDAD,21,3.43,763880,763900,C,OK
ESPECIES DISTRITO DE SANTA ROSA GUACHIPILIN,01. VIALIDAD,100,3.43,227301,227400,C,OK
ESPECIES DISTRITO DE SANTA ROSA GUACHIPILIN,01. VIALIDAD,100,3.43,261101,261200,C,OK
ESPECIES DISTRITO DE SANTA ROSA GUACHIPILIN,02. TIQUETES DE MERCADO,1000,0.15,719001,720000,G,OK
ESPECIES DISTRITO DE SANTA ROSA GUACHIPILIN,02. TIQUETES DE MERCADO,800,1.0,840201,841000,B,OK
ESPECIES DISTRITO DE SANTA ROSA GUACHIPILIN,02. TIQUETES DE MERCADO,2982,1.0,841019,844000,B,OK
ESPECIES DISTRITO DE SANTA ROSA GUACHIPILIN,02. TIQUETES DE MERCADO,5860,1.0,844141,850000,B,OK
ESPECIES DISTRITO DE SANTA ROSA GUACHIPILIN,03. CARTA DE VENTA CONTINUA,1400,210.0,142501,143900,A,OK
ESPECIES DISTRITO DE SANTA ROSA GUACHIPILIN,03. CARTA DE VENTA CONTINUA,3000,450.0,317751,320750,A,OK
ESPECIES DISTRITO DE SANTA ROSA GUACHIPILIN,04. FORMULA 1-ISAM,5000,500.0,160001,165000,E,OK
ESPECIES DISTRITO DE SANTA ROSA GUACHIPILIN,04. FORMULA 1-ISAM,2500,250.0,235001,237500,E,OK
DISTRITO DE TEXISTEPEQUE,01. VIALIDAD,400,3.43,133401,133800,C,OK
DISTRITO DE TEXISTEPEQUE,01. VIALIDAD,300,3.43,260801,261100,C,OK
DISTRITO DE TEXISTEPEQUE,02. TIQUETES DE MERCADO,7000,0.25,283001,290000,E,OK
DISTRITO DE TEXISTEPEQUE,02. TIQUETES DE MERCADO,8000,1.0,912001,920000,I,OK
DISTRITO DE TEXISTEPEQUE,02. TIQUETES DE MERCADO,80000,0.25,700001,780000,M,OK
DISTRITO DE TEXISTEPEQUE,02. TIQUETES DE MERCADO,10000,1.0,240001,250000,A,OK
DISTRITO DE TEXISTEPEQUE,04. CARTA DE VENTA CONTINUA,3750,562.5,314001,317750,A,OK
DISTRITO DE TEXISTEPEQUE,05. CARNET DE MENORES CARTULINA,100,0.09,782001,782100,,OK
DISTRITO DE TEXISTEPEQUE,05. CARNET DE MENORES CARTULINA,100,0.09,798701,798800,,OK
DISTRITO DE TEXISTEPEQUE,05. CARNET DE MENORES CARTULINA,102,0.11,495499,495600,,OK
DISTRITO DE TEXISTEPEQUE,05. CARNET DE MENORES CARTULINA,20,0.06,529981,530000,,OK
DISTRITO DE TEXISTEPEQUE,06. AVISO DE COBRO COMUN,4202,420.2,475799,480000,P,OK
DISTRITO DE TEXISTEPEQUE,07. FORMULA 1-ISAM CONTINUA,5000,500.0,155001,160000,E,OK
DISTRITO DE TEXISTEPEQUE,07. FORMULA 1-ISAM CONTINUA,7500,750.0,227501,235000,E,OK
DISTRITO DE TEXISTEPEQUE,08. TITULOS A PERPETUIDAD,200,0.53,234101,234300,,OK
DISTRITO DE TEXISTEPEQUE,10. TARJETA PARA CARNET DE MENORES,500,0.3,66801,67300,A,OK
