fecha,movimiento,distrito,destino,tipo_especie,valor,serie,del,al,cantidad,factura,ubicacion,nota
2025-10-31,SALDO_INICIAL,D01,,Fondo Vialidad,0.57,C,33696,34000,305,,,
2025-10-31,SALDO_INICIAL,D01,,Fondo Vialidad,1.14,C,38505,38550,46,,,
2025-10-31,SALDO_INICIAL,D01,,Fondo Vialidad,3.43,C,131657,133300,1644,,,
2025-10-31,SALDO_INICIAL,D01,,Tiquetes de Mercado,0.12,Z,765249,800000,34752,,,
2025-10-31,SALDO_INICIAL,D01,,Tiquetes de Mercado,0.12,X,840001,980000,140000,,,
2025-10-31,SALDO_INICIAL,D01,,Tiquetes de Mercado,0.15,J,37560,110000,72441,,,
2025-10-31,SALDO_INICIAL,D01,,Tiquetes de Mercado,0.15,J,110001,310000,200000,,,
2025-10-31,SALDO_INICIAL,D01,,Tiquetes de Mercado,0.50,D,95695,140000,44306,,,
2025-10-31,SALDO_INICIAL,D01,,Tiquetes de Mercado,0.50,D,320001,340000,20000,,,
2025-10-31,SALDO_INICIAL,D01,,Tiquetes de Mercado,1.00,B,833680,840000,6321,,,
2025-10-31,SALDO_INICIAL,D01,,Tiquetes Servicio de Báscula,0.50,A,14501,20000,5500,,,
2025-10-31,SALDO_INICIAL,D01,,Cartas de Venta Continua,,A,28174,30300,2127,,,
2025-10-31,SALDO_INICIAL,D01,,Cartas de Venta Continua,,A,130151,140150,10000,,,
2025-10-31,SALDO_INICIAL,D01,,Tarjetas para Carnet de Identificación,0.30,A,13600,13900,301,,,
2025-10-31,SALDO_INICIAL,D01,,Tarjetas para Carnet de Identificación,0.30,,48387,48600,214,,,
2025-10-31,SALDO_INICIAL,D01,,Fórmulas 1-ISAM Continua,,B,950678,957500,6823,,CAJA 1,
2025-10-31,SALDO_INICIAL,D01,,Fórmulas 1-ISAM Continua,,C,892501,905000,12500,,CAJA 1,
2025-10-31,SALDO_INICIAL,D01,,Fórmulas 1-ISAM Continua,,B,964381,972500,8120,,CAJA 2,
2025-10-31,SALDO_INICIAL,D01,,Fórmulas 1-ISAM Continua,,C,905001,915000,10000,,CAJA 2,
2025-10-31,SALDO_INICIAL,D01,,Fórmulas 1-ISAM Continua,,C,916828,930000,13173,,RASTRO,
2025-10-31,SALDO_INICIAL,D01,,Fórmulas 1-ISAM Continua,,U,900236,900238,3,,AUXILIAR,
2025-10-31,SALDO_INICIAL,D01,,Fórmulas 1-ISAM Continua,,U,900269,900271,3,,AUXILIAR,
2025-10-31,SALDO_INICIAL,D01,,Fórmulas 1-ISAM Continua,,U,900273,900276,4,,AUXILIAR,
2025-10-31,SALDO_INICIAL,D01,,Fórmulas 1-ISAM Continua,,U,900279,900279,1,,AUXILIAR,
2025-10-31,SALDO_INICIAL,D01,,Fórmulas 1-ISAM Continua,,U,900310,900320,11,,AUXILIAR,
2025-10-31,SALDO_INICIAL,D01,,Fórmulas 1-ISAM Continua,,U,900323,902400,2078,,AUXILIAR,
2025-10-31,SALDO_INICIAL,D01,,Fórmulas 1-ISAM Continua,,B,977043,977500,458,,C. DOMICILIO,
2025-10-31,SALDO_INICIAL,D01,,Títulos a Perpetuidad,0.53,A,233524,233650,127,,,
2025-10-31,SALDO_INICIAL,D01,,Títulos a Perpetuidad,0.53,A,242101,242200,100,,,
2025-10-31,SALDO_INICIAL,D02,,Fondo Vialidad,0.57,C,38101,38300,200,,,
2025-10-31,SALDO_INICIAL,D02,,Fondo Vialidad,3.43,C,860886,860900,15,,,
2025-10-31,SALDO_INICIAL,D02,,Fondo Vialidad,3.43,C,999208,999300,93,,,
2025-10-31,SALDO_INICIAL,D02,,Fondo Vialidad,3.43,C,133801,133900,100,,,
2025-10-31,SALDO_INICIAL,D02,,Fondo Vialidad,3.43,C,227601,227700,100,,,
2025-10-31,SALDO_INICIAL,D02,,Cartas de Venta,,L,801102,801200,99,,,
2025-10-31,SALDO_INICIAL,D02,,Cartas de Venta Continua,,A,162651,164150,1500,,,
2025-10-31,SALDO_INICIAL,D02,,Tarjetas para Carnet de Identificación,0.30,A,367862,367900,39,,,
2025-10-31,SALDO_INICIAL,D02,,Tarjetas para Carnet de Identificación,0.30,A,16401,16500,100,,,
2025-10-31,SALDO_INICIAL,D02,,Tarjetas para Carnet de Identificación,0.30,A,31401,31500,100,,,
2025-10-31,SALDO_INICIAL,D02,,Fórmulas 1-ISAM Plana,,L,139339,139500,162,,,
2025-10-31,SALDO_INICIAL,D02,,Fórmulas 1-ISAM Continua,,C,52939,55000,2062,,,
2025-10-31,SALDO_INICIAL,D02,,Fórmulas 1-ISAM Continua,,D,25001,30000,5000,,,
2025-10-31,SALDO_INICIAL,D02,,Títulos a Perpetuidad,0.53,A,234301,234400,100,,,
2025-10-31,SALDO_INICIAL,D02,,Títulos a Perpetuidad,0.53,A,242601,242650,50,,,
2025-10-31,SALDO_INICIAL,D02,,Boletos de Cobro de Material Pétreo,0.06,A,1851,2000,150,,,
2025-10-31,SALDO_INICIAL,D02,,Tarjetas de Inmuebles,0.26,A,98887,98904,18,,,
2025-10-31,SALDO_INICIAL,D02,,Tarjetas de Inmuebles,0.26,A,21601,21700,100,,,
2025-10-31,SALDO_INICIAL,D02,,Tarjetas de Inmuebles,0.26,A,29451,29550,100,,,
2025-10-31,SALDO_INICIAL,D02,,Tarjetas de Empresa,0.26,A,24501,24600,100,,,
2025-10-31,SALDO_INICIAL,D03,,Tiquetes de Mercado,0.15,G,719001,720000,1000,,,
2025-10-31,SALDO_INICIAL,D03,,Tiquetes de Mercado,1.00,B,840201,841000,800,,,
2025-10-31,SALDO_INICIAL,D03,,Tiquetes de Mercado,1.00,B,841019,844000,2982,,,
2025-10-31,SALDO_INICIAL,D03,,Tiquetes de Mercado,1.00,B,844141,850000,5860,,,
2025-10-31,SALDO_INICIAL,D03,,Cartas de Venta Continua,,A,17233,21350,4118,,,
2025-10-31,SALDO_INICIAL,D03,,Cartas de Venta Continua,,A,140151,143900,3750,,,
2025-10-31,SALDO_INICIAL,D03,,Fórmulas 1-ISAM Continua,,B,973453,975000,1548,,,
2025-10-31,SALDO_INICIAL,D03,,Fórmulas 1-ISAM Continua,,C,930001,937500,7500,,,
2025-10-31,SALDO_INICIAL,D03,,Títulos a Perpetuidad,0.53,,195320,195350,31,,,
2025-10-31,SALDO_INICIAL,D03,,Títulos a Perpetuidad,0.53,,195400,195400,1,,,
2025-10-31,SALDO_INICIAL,D03,,Títulos a Perpetuidad,0.53,A,233901,234000,100,,,
2025-10-31,SALDO_INICIAL,D03,,Títulos a Perpetuidad,0.53,A,242201,242250,50,,,
2025-10-31,SALDO_INICIAL,D03,,Fondo Vialidad,3.43,C,555439,555500,62,,,
2025-10-31,SALDO_INICIAL,D03,,Fondo Vialidad,3.43,C,763880,763900,21,,,
2025-10-31,SALDO_INICIAL,D03,,Fondo Vialidad,3.43,C,227301,227400,100,,,
2025-10-31,SALDO_INICIAL,D04,,Fondo Vialidad,3.43,C,10988,11000,13,,,
2025-10-31,SALDO_INICIAL,D04,,Fondo Vialidad,3.43,C,85601,85800,200,,,
2025-10-31,SALDO_INICIAL,D04,,Fondo Vialidad,3.43,C,133301,133800,500,,,
2025-10-31,SALDO_INICIAL,D04,,Tiquetes de Mercado,0.25,E,232833,290000,57168,,,
2025-10-31,SALDO_INICIAL,D04,,Tiquetes de Mercado,1.00,I,590140,600000,9861,,,
2025-10-31,SALDO_INICIAL,D04,,Tiquetes de Mercado,1.00,I,910001,920000,10000,,,
2025-10-31,SALDO_INICIAL,D04,,Tarjetas de Control de Mercado,,B,99463,99962,500,,,
2025-10-31,SALDO_INICIAL,D04,,Cartas de Venta Continua,,A,157651,162650,5000,,,
2025-10-31,SALDO_INICIAL,D04,,Carnet de Menores,0.09,,740473,740499,27,,,
2025-10-31,SALDO_INICIAL,D04,,Carnet de Menores,0.09,,782001,782100,100,,,
2025-10-31,SALDO_INICIAL,D04,,Carnet de Menores,0.09,,798701,798800,100,,,
2025-10-31,SALDO_INICIAL,D04,,Carnet de Menores,0.09,,495499,495600,102,,,
2025-10-31,SALDO_INICIAL,D04,,Carnet de Menores,0.06,,529981,530000,20,,,
2025-10-31,SALDO_INICIAL,D04,,Avisos de Cobro Común,0.10,P,475799,480000,4202,,,
2025-10-31,SALDO_INICIAL,D04,,Fórmulas 1-ISAM Continua,,C,48947,52500,3554,,,
2025-10-31,SALDO_INICIAL,D04,,Fórmulas 1-ISAM Continua,,D,10001,25000,15000,,,
2025-10-31,SALDO_INICIAL,D04,,Títulos a Perpetuidad,0.53,,167688,167800,113,,,
2025-10-31,SALDO_INICIAL,D04,,Títulos a Perpetuidad,0.53,,219601,219700,100,,,
2025-10-31,SALDO_INICIAL,D04,,Títulos a Perpetuidad,0.53,A,234001,234300,300,,,
2025-11-30,ASIGNACION_CAJA,D01,,Fórmulas 1-ISAM Continua,,C,927501,927557,57,,C. DOMICILIO,
2025-11-30,ASIGNACION_CAJA,D01,,Fórmulas 1-ISAM Continua,,C,927558,930000,2443,,C. DOMICILIO,
2025-11-30,REALIZACION,D01,,Fondo Vialidad,3.43,C,131657,131659,3,,,
2025-11-30,REALIZACION,D01,,Fondo Vialidad,3.43,C,131662,131667,6,,,
2025-11-30,REALIZACION,D01,,Tiquetes de Mercado,0.15,J,37560,76845,39286,,,
2025-11-30,REALIZACION,D01,,Tiquetes de Mercado,0.50,D,95695,103367,7673,,,
2025-11-30,REALIZACION,D01,,Tiquetes de Mercado,1.00,B,833680,834049,370,,,
2025-11-30,REALIZACION,D01,,Tiquetes Servicio de Báscula,0.50,A,14501,14768,268,,,
2025-11-30,REALIZACION,D01,,Cartas de Venta Continua,,A,28174,28216,43,,,
2025-11-30,REALIZACION,D01,,Cartas de Venta Continua,,A,28218,28226,9,,,
2025-11-30,REALIZACION,D01,,Cartas de Venta Continua,,A,28228,28249,22,,,
2025-11-30,REALIZACION,D01,,Cartas de Venta Continua,,A,28251,28258,8,,,
2025-11-30,REALIZACION,D01,,Cartas de Venta Continua,,A,28260,28272,13,,,
2025-11-30,REALIZACION,D01,,Cartas de Venta Continua,,A,28274,28307,34,,,
2025-11-30,REALIZACION,D01,,Cartas de Venta Continua,,A,28310,28324,15,,,
2025-11-30,REALIZACION,D01,,Cartas de Venta Continua,,A,28326,28327,2,,,
2025-11-30,REALIZACION,D01,,Cartas de Venta Continua,,A,28329,28331,3,,,
2025-11-30,REALIZACION,D01,,Cartas de Venta Continua,,A,28333,28346,14,,,
2025-11-30,REALIZACION,D01,,Cartas de Venta Continua,,A,28348,28392,45,,,
2025-11-30,REALIZACION,D01,,Cartas de Venta Continua,,A,28394,28438,45,,,
2025-11-30,REALIZACION,D01,,Cartas de Venta Continua,,A,28440,28447,8,,,
2025-11-30,REALIZACION,D01,,Cartas de Venta Continua,,A,28449,28488,40,,,
2025-11-30,REALIZACION,D01,,Cartas de Venta Continua,,A,28490,28515,26,,,
2025-11-30,REALIZACION,D01,,Cartas de Venta Continua,,A,28517,28599,83,,,
2025-11-30,REALIZACION,D01,,Cartas de Venta Continua,,A,28601,28620,20,,,
2025-11-30,REALIZACION,D01,,Cartas de Venta Continua,,A,28622,28644,23,,,
2025-11-30,REALIZACION,D01,,Cartas de Venta Continua,,A,28646,28671,26,,,
2025-11-30,REALIZACION,D01,,Cartas de Venta Continua,,A,28673,28699,27,,,
2025-11-30,REALIZACION,D01,,Cartas de Venta Continua,,A,28701,28710,10,,,
2025-11-30,REALIZACION,D01,,Cartas de Venta Continua,,A,28712,28722,11,,,
2025-11-30,REALIZACION,D01,,Cartas de Venta Continua,,A,28724,28724,1,,,
2025-11-30,REALIZACION,D01,,Cartas de Venta Continua,,A,28726,28741,16,,,
2025-11-30,REALIZACION,D01,,Cartas de Venta Continua,,A,28743,28828,86,,,
2025-11-30,REALIZACION,D01,,Cartas de Venta Continua,,A,28830,28855,26,,,
2025-11-30,REALIZACION,D01,,Cartas de Venta Continua,,A,28857,28904,48,,,
2025-11-30,REALIZACION,D01,,Cartas de Venta Continua,,A,28906,28907,2,,,
2025-11-30,REALIZACION,D01,,Cartas de Venta Continua,,A,28909,28910,2,,,
2025-11-30,REALIZACION,D01,,Cartas de Venta Continua,,A,28912,28983,72,,,
2025-11-30,REALIZACION,D01,,Cartas de Venta Continua,,A,28985,29064,80,,,
2025-11-30,REALIZACION,D01,,Cartas de Venta Continua,,A,29066,29068,3,,,
2025-11-30,REALIZACION,D01,,Cartas de Venta Continua,,A,29070,29101,32,,,
2025-11-30,REALIZACION,D01,,Cartas de Venta Continua,,A,29109,29164,56,,,
2025-11-30,REALIZACION,D01,,Cartas de Venta Continua,,A,29166,29253,88,,,
2025-11-30,REALIZACION,D01,,Cartas de Venta Continua,,A,29255,29264,10,,,
2025-11-30,REALIZACION,D01,,Cartas de Venta Continua,,A,29266,29266,1,,,
2025-11-30,REALIZACION,D01,,Cartas de Venta Continua,,A,29268,29271,4,,,
2025-11-30,REALIZACION,D01,,Cartas de Venta Continua,,A,29273,29282,10,,,
2025-11-30,REALIZACION,D01,,Cartas de Venta Continua,,A,29284,29308,25,,,
2025-11-30,REALIZACION,D01,,Cartas de Venta Continua,,A,29310,29325,16,,,
2025-11-30,REALIZACION,D01,,Tarjetas para Carnet de Identificación,0.30,A,13600,13746,147,,,
2025-11-30,REALIZACION,D01,,Tarjetas para Carnet de Identificación,0.30,A,13748,13790,43,,,
2025-11-30,REALIZACION,D01,,Fórmulas 1-ISAM Continua,,B,950678,953240,2563,,CAJA 1,
2025-11-30,REALIZACION,D01,,Fórmulas 1-ISAM Continua,,B,964381,966152,1772,,CAJA 2,
2025-11-30,REALIZACION,D01,,Fórmulas 1-ISAM Continua,,C,916828,918229,1402,,RASTRO,
2025-11-30,REALIZACION,D01,,Fórmulas 1-ISAM Continua,,B,977043,977500,458,,C. DOMICILIO,
2025-11-30,REALIZACION,D01,,Fórmulas 1-ISAM Continua,,C,927501,927557,57,,C. DOMICILIO,
2025-11-30,REALIZACION,D01,,Títulos a Perpetuidad,0.53,A,233524,233541,18,,,
2025-11-30,REALIZACION,D02,,Fondo Vialidad,3.43,C,860886,860886,1,,,
2025-11-30,REALIZACION,D02,,Cartas de Venta,,L,801102,801103,2,,,
2025-11-30,REALIZACION,D02,,Cartas de Venta,,L,801106,801107,2,,,
2025-11-30,REALIZACION,D02,,Cartas de Venta,,L,801109,801182,74,,,
2025-11-30,REALIZACION,D02,,Cartas de Venta,,L,801184,801187,4,,,
2025-11-30,REALIZACION,D02,,Cartas de Venta,,L,801190,801199,10,,,
2025-11-30,REALIZACION,D02,,Cartas de Venta Continua,,A,162653,162682,30,,,
2025-11-30,REALIZACION,D02,,Tarjetas para Carnet de Identificación,0.30,A,367862,367867,6,,,
2025-11-30,REALIZACION,D02,,Fórmulas 1-ISAM Continua,,C,52939,53302,364,,,
2025-11-30,REALIZACION,D02,,Títulos a Perpetuidad,0.53,A,234301,234305,5,,,
2025-11-30,REALIZACION,D02,,Tarjetas de Inmuebles,0.26,A,98887,98887,1,,,
2025-11-30,REALIZACION,D03,,Cartas de Venta Continua,,A,17233,17238,6,,,
2025-11-30,REALIZACION,D03,,Cartas de Venta Continua,,A,17240,17266,27,,,
2025-11-30,REALIZACION,D03,,Cartas de Venta Continua,,A,17268,17282,15,,,
2025-11-30,REALIZACION,D03,,Cartas de Venta Continua,,A,17284,17285,2,,,
2025-11-30,REALIZACION,D03,,Cartas de Venta Continua,,A,17287,17291,5,,,
2025-11-30,REALIZACION,D03,,Cartas de Venta Continua,,A,17293,17314,22,,,
2025-11-30,REALIZACION,D03,,Cartas de Venta Continua,,A,17316,17349,34,,,
2025-11-30,REALIZACION,D03,,Cartas de Venta Continua,,A,17351,17353,3,,,
2025-11-30,REALIZACION,D03,,Cartas de Venta Continua,,A,17355,17368,14,,,
2025-11-30,REALIZACION,D03,,Cartas de Venta Continua,,A,17370,17390,21,,,
2025-11-30,REALIZACION,D03,,Cartas de Venta Continua,,A,17394,17405,12,,,
2025-11-30,REALIZACION,D03,,Cartas de Venta Continua,,A,17407,17424,18,,,
2025-11-30,REALIZACION,D03,,Cartas de Venta Continua,,A,17426,17454,29,,,
2025-11-30,REALIZACION,D03,,Cartas de Venta Continua,,A,17456,17477,22,,,
2025-11-30,REALIZACION,D03,,Cartas de Venta Continua,,A,17479,17479,1,,,
2025-11-30,REALIZACION,D03,,Cartas de Venta Continua,,A,17481,17482,2,,,
2025-11-30,REALIZACION,D03,,Cartas de Venta Continua,,A,17484,17488,5,,,
2025-11-30,REALIZACION,D03,,Cartas de Venta Continua,,A,17490,17528,39,,,
2025-11-30,REALIZACION,D03,,Cartas de Venta Continua,,A,17530,17531,2,,,
2025-11-30,REALIZACION,D03,,Cartas de Venta Continua,,A,17533,17567,35,,,
2025-11-30,REALIZACION,D03,,Cartas de Venta Continua,,A,17569,17576,8,,,
2025-11-30,REALIZACION,D03,,Cartas de Venta Continua,,A,17580,17599,20,,,
2025-11-30,REALIZACION,D03,,Fórmulas 1-ISAM Continua,,B,973453,974157,705,,,
2025-11-30,REALIZACION,D03,,Títulos a Perpetuidad,0.53,,195400,195400,1,,,
2025-11-30,REALIZACION,D03,,Títulos a Perpetuidad,0.53,,195322,195330,9,,,
2025-11-30,REALIZACION,D04,,Tiquetes de Mercado,0.25,E,232833,239040,6208,,,
2025-11-30,REALIZACION,D04,,Tiquetes de Mercado,1.00,I,590140,591400,1261,,,
2025-11-30,REALIZACION,D04,,Tarjetas de Control de Mercado,,B,99463,99584,122,,,
2025-11-30,REALIZACION,D04,,Cartas de Venta Continua,,A,157651,157652,2,,,
2025-11-30,REALIZACION,D04,,Cartas de Venta Continua,,A,157655,157688,34,,,
2025-11-30,REALIZACION,D04,,Cartas de Venta Continua,,A,157690,157701,12,,,
2025-11-30,REALIZACION,D04,,Cartas de Venta Continua,,A,157703,157709,7,,,
2025-11-30,REALIZACION,D04,,Cartas de Venta Continua,,A,157711,157713,3,,,
2025-11-30,REALIZACION,D04,,Cartas de Venta Continua,,A,157715,157736,22,,,
2025-11-30,REALIZACION,D04,,Cartas de Venta Continua,,A,157738,157769,32,,,
2025-11-30,REALIZACION,D04,,Cartas de Venta Continua,,A,157771,157880,110,,,
2025-11-30,REALIZACION,D04,,Cartas de Venta Continua,,A,157882,157959,78,,,
2025-11-30,REALIZACION,D04,,Cartas de Venta Continua,,A,157961,158001,41,,,
2025-11-30,REALIZACION,D04,,Cartas de Venta Continua,,A,158003,158055,53,,,
2025-11-30,REALIZACION,D04,,Cartas de Venta Continua,,A,158057,158080,24,,,
2025-11-30,REALIZACION,D04,,Cartas de Venta Continua,,A,158082,158086,5,,,
2025-11-30,REALIZACION,D04,,Cartas de Venta Continua,,A,158088,158130,43,,,
2025-11-30,REALIZACION,D04,,Cartas de Venta Continua,,A,158132,158143,12,,,
2025-11-30,REALIZACION,D04,,Carnet de Menores,0.09,,740473,740483,11,,,
2025-11-30,REALIZACION,D04,,Carnet de Menores,0.09,,740485,740486,2,,,
2025-11-30,REALIZACION,D04,,Fórmulas 1-ISAM Continua,,C,48947,50780,1834,,,
2025-11-30,REALIZACION,D04,,Títulos a Perpetuidad,0.53,,167688,167703,16,,,
2025-11-30,NULA,D01,,Fondo Vialidad,3.43,C,131660,131661,2,,,
2025-11-30,NULA,D01,,Cartas de Venta Continua,,A,28217,28217,1,,,
2025-11-30,NULA,D01,,Cartas de Venta Continua,,A,28227,28227,1,,,
2025-11-30,NULA,D01,,Cartas de Venta Continua,,A,28250,28250,1,,,
2025-11-30,NULA,D01,,Cartas de Venta Continua,,A,28259,28259,1,,,
2025-11-30,NULA,D01,,Cartas de Venta Continua,,A,28273,28273,1,,,
2025-11-30,NULA,D01,,Cartas de Venta Continua,,A,28308,28309,2,,,
2025-11-30,NULA,D01,,Cartas de Venta Continua,,A,28325,28325,1,,,
2025-11-30,NULA,D01,,Cartas de Venta Continua,,A,28328,28328,1,,,
2025-11-30,NULA,D01,,Cartas de Venta Continua,,A,28332,28332,1,,,
2025-11-30,NULA,D01,,Cartas de Venta Continua,,A,28347,28347,1,,,
2025-11-30,NULA,D01,,Cartas de Venta Continua,,A,28393,28393,1,,,
2025-11-30,NULA,D01,,Cartas de Venta Continua,,A,28439,28439,1,,,
2025-11-30,NULA,D01,,Cartas de Venta Continua,,A,28448,28448,1,,,
2025-11-30,NULA,D01,,Cartas de Venta Continua,,A,28489,28489,1,,,
2025-11-30,NULA,D01,,Cartas de Venta Continua,,A,28516,28516,1,,,
2025-11-30,NULA,D01,,Cartas de Venta Continua,,A,28600,28600,1,,,
2025-11-30,NULA,D01,,Cartas de Venta Continua,,A,28621,28621,1,,,
2025-11-30,NULA,D01,,Cartas de Venta Continua,,A,28645,28645,1,,,
2025-11-30,NULA,D01,,Cartas de Venta Continua,,A,28672,28672,1,,,
2025-11-30,NULA,D01,,Cartas de Venta Continua,,A,28700,28700,1,,,
2025-11-30,NULA,D01,,Cartas de Venta Continua,,A,28711,28711,1,,,
2025-11-30,NULA,D01,,Cartas de Venta Continua,,A,28723,28723,1,,,
2025-11-30,NULA,D01,,Cartas de Venta Continua,,A,28725,28725,1,,,
2025-11-30,NULA,D01,,Cartas de Venta Continua,,A,28742,28742,1,,,
2025-11-30,NULA,D01,,Cartas de Venta Continua,,A,28829,28829,1,,,
2025-11-30,NULA,D01,,Cartas de Venta Continua,,A,28856,28856,1,,,
2025-11-30,NULA,D01,,Cartas de Venta Continua,,A,28905,28905,1,,,
2025-11-30,NULA,D01,,Cartas de Venta Continua,,A,28908,28908,1,,,
2025-11-30,NULA,D01,,Cartas de Venta Continua,,A,28911,28911,1,,,
2025-11-30,NULA,D01,,Cartas de Venta Continua,,A,28984,28984,1,,,
2025-11-30,NULA,D01,,Cartas de Venta Continua,,A,29065,29065,1,,,
2025-11-30,NULA,D01,,Cartas de Venta Continua,,A,29069,29069,1,,,
2025-11-30,NULA,D01,,Cartas de Venta Continua,,A,29102,29108,7,,,
2025-11-30,NULA,D01,,Cartas de Venta Continua,,A,29165,29165,1,,,
2025-11-30,NULA,D01,,Cartas de Venta Continua,,A,29254,29254,1,,,
2025-11-30,NULA,D01,,Cartas de Venta Continua,,A,29265,29265,1,,,
2025-11-30,NULA,D01,,Cartas de Venta Continua,,A,29267,29267,1,,,
2025-11-30,NULA,D01,,Cartas de Venta Continua,,A,29272,29272,1,,,
2025-11-30,NULA,D01,,Cartas de Venta Continua,,A,29283,29283,1,,,
2025-11-30,NULA,D01,,Cartas de Venta Continua,,A,29309,29309,1,,,
2025-11-30,NULA,D01,,Tarjetas para Carnet de Identificación,0.30,A,13747,13747,1,,,
2025-11-30,NULA,D02,,Cartas de Venta,,L,801104,801105,2,,,
2025-11-30,NULA,D02,,Cartas de Venta,,L,801108,801108,1,,,
2025-11-30,NULA,D02,,Cartas de Venta,,L,801183,801183,1,,,
2025-11-30,NULA,D02,,Cartas de Venta,,L,801188,801189,2,,,
2025-11-30,NULA,D02,,Cartas de Venta,,L,801200,801200,1,,,
2025-11-30,NULA,D02,,Cartas de Venta Continua,,A,162651,162652,2,,,
2025-11-30,NULA,D03,,Cartas de Venta Continua,,A,17239,17239,1,,,
2025-11-30,NULA,D03,,Cartas de Venta Continua,,A,17267,17267,1,,,
2025-11-30,NULA,D03,,Cartas de Venta Continua,,A,17283,17283,1,,,
2025-11-30,NULA,D03,,Cartas de Venta Continua,,A,17286,17286,1,,,
2025-11-30,NULA,D03,,Cartas de Venta Continua,,A,17292,17292,1,,,
2025-11-30,NULA,D03,,Cartas de Venta Continua,,A,17315,17315,1,,,
2025-11-30,NULA,D03,,Cartas de Venta Continua,,A,17350,17350,1,,,
2025-11-30,NULA,D03,,Cartas de Venta Continua,,A,17354,17354,1,,,
2025-11-30,NULA,D03,,Cartas de Venta Continua,,A,17369,17369,1,,,
2025-11-30,NULA,D03,,Cartas de Venta Continua,,A,17391,17393,3,,,
2025-11-30,NULA,D03,,Cartas de Venta Continua,,A,17406,17406,1,,,
2025-11-30,NULA,D03,,Cartas de Venta Continua,,A,17425,17425,1,,,
2025-11-30,NULA,D03,,Cartas de Venta Continua,,A,17455,17455,1,,,
2025-11-30,NULA,D03,,Cartas de Venta Continua,,A,17478,17478,1,,,
2025-11-30,NULA,D03,,Cartas de Venta Continua,,A,17480,17480,1,,,
2025-11-30,NULA,D03,,Cartas de Venta Continua,,A,17483,17483,1,,,
2025-11-30,NULA,D03,,Cartas de Venta Continua,,A,17489,17489,1,,,
2025-11-30,NULA,D03,,Cartas de Venta Continua,,A,17529,17529,1,,,
2025-11-30,NULA,D03,,Cartas de Venta Continua,,A,17532,17532,1,,,
2025-11-30,NULA,D03,,Cartas de Venta Continua,,A,17568,17568,1,,,
2025-11-30,NULA,D03,,Cartas de Venta Continua,,A,17577,17579,3,,,
2025-11-30,NULA,D03,,Títulos a Perpetuidad,0.53,,195320,195321,2,,,
2025-11-30,NULA,D04,,Cartas de Venta Continua,,A,157653,157654,2,,,
2025-11-30,NULA,D04,,Cartas de Venta Continua,,A,157689,157689,1,,,
2025-11-30,NULA,D04,,Cartas de Venta Continua,,A,157702,157702,1,,,
2025-11-30,NULA,D04,,Cartas de Venta Continua,,A,157710,157710,1,,,
2025-11-30,NULA,D04,,Cartas de Venta Continua,,A,157714,157714,1,,,
2025-11-30,NULA,D04,,Cartas de Venta Continua,,A,157737,157737,1,,,
2025-11-30,NULA,D04,,Cartas de Venta Continua,,A,157770,157770,1,,,
2025-11-30,NULA,D04,,Cartas de Venta Continua,,A,157881,157881,1,,,
2025-11-30,NULA,D04,,Cartas de Venta Continua,,A,157960,157960,1,,,
2025-11-30,NULA,D04,,Cartas de Venta Continua,,A,158002,158002,1,,,
2025-11-30,NULA,D04,,Cartas de Venta Continua,,A,158056,158056,1,,,
2025-11-30,NULA,D04,,Cartas de Venta Continua,,A,158081,158081,1,,,
2025-11-30,NULA,D04,,Cartas de Venta Continua,,A,158087,158087,1,,,
2025-11-30,NULA,D04,,Cartas de Venta Continua,,A,158131,158131,1,,,
2025-11-30,NULA,D04,,Carnet de Menores,0.09,,740484,740484,1,,,
2025-12-12,COMPRA,D01,,Tarjetas para Carnet de Identificación,0.30,A,40301,41300,1000,06383,,
2025-12-12,COMPRA,D01,,Fórmulas 1-ISAM Continua,,D,430001,437500,7500,06383,,
2025-12-31,ASIGNACION_CAJA,D01,,Fórmulas 1-ISAM Continua,,D,430001,437500,7500,,C. DOMICILIO,
2025-12-31,REALIZACION,D01,,Fondo Vialidad,3.43,C,131668,131674,7,,,
2025-12-31,REALIZACION,D01,,Fondo Vialidad,3.43,C,131676,131880,205,,,
2025-12-31,REALIZACION,D01,,Tiquetes de Mercado,0.15,J,76846,123428,46583,,,
2025-12-31,REALIZACION,D01,,Tiquetes de Mercado,0.50,D,103368,111357,7990,,,
2025-12-31,REALIZACION,D01,,Tiquetes de Mercado,1.00,B,834050,834437,388,,,
2025-12-31,REALIZACION,D01,,Tiquetes Servicio de Báscula,0.50,A,14770,15023,254,,,
2025-12-31,REALIZACION,D01,,Cartas de Venta Continua,,A,29327,29331,5,,,
2025-12-31,REALIZACION,D01,,Cartas de Venta Continua,,A,29333,29343,11,,,
2025-12-31,REALIZACION,D01,,Cartas de Venta Continua,,A,29345,29346,2,,,
2025-12-31,REALIZACION,D01,,Cartas de Venta Continua,,A,29348,29351,4,,,
2025-12-31,REALIZACION,D01,,Cartas de Venta Continua,,A,29354,29389,36,,,
2025-12-31,REALIZACION,D01,,Cartas de Venta Continua,,A,29391,29394,4,,,
2025-12-31,REALIZACION,D01,,Cartas de Venta Continua,,A,29397,29447,51,,,
2025-12-31,REALIZACION,D01,,Cartas de Venta Continua,,A,29449,29486,38,,,
2025-12-31,REALIZACION,D01,,Cartas de Venta Continua,,A,29488,29492,5,,,
2025-12-31,REALIZACION,D01,,Cartas de Venta Continua,,A,29494,29499,6,,,
2025-12-31,REALIZACION,D01,,Cartas de Venta Continua,,A,29501,29517,17,,,
2025-12-31,REALIZACION,D01,,Cartas de Venta Continua,,A,29519,29537,19,,,
2025-12-31,REALIZACION,D01,,Cartas de Venta Continua,,A,29539,29547,9,,,
2025-12-31,REALIZACION,D01,,Cartas de Venta Continua,,A,29550,29551,2,,,
2025-12-31,REALIZACION,D01,,Cartas de Venta Continua,,A,29553,29579,27,,,
2025-12-31,REALIZACION,D01,,Cartas de Venta Continua,,A,29582,29602,21,,,
2025-12-31,REALIZACION,D01,,Cartas de Venta Continua,,A,29604,29607,4,,,
2025-12-31,REALIZACION,D01,,Cartas de Venta Continua,,A,29609,29627,19,,,
2025-12-31,REALIZACION,D01,,Cartas de Venta Continua,,A,29629,29632,4,,,
2025-12-31,REALIZACION,D01,,Cartas de Venta Continua,,A,29634,29649,16,,,
2025-12-31,REALIZACION,D01,,Cartas de Venta Continua,,A,29651,29652,2,,,
2025-12-31,REALIZACION,D01,,Cartas de Venta Continua,,A,29655,29713,59,,,
2025-12-31,REALIZACION,D01,,Cartas de Venta Continua,,A,29715,29727,13,,,
2025-12-31,REALIZACION,D01,,Cartas de Venta Continua,,A,29730,29730,1,,,
2025-12-31,REALIZACION,D01,,Cartas de Venta Continua,,A,29732,29784,53,,,
2025-12-31,REALIZACION,D01,,Cartas de Venta Continua,,A,29786,29839,54,,,
2025-12-31,REALIZACION,D01,,Cartas de Venta Continua,,A,29841,29843,3,,,
2025-12-31,REALIZACION,D01,,Cartas de Venta Continua,,A,29845,29886,42,,,
2025-12-31,REALIZACION,D01,,Cartas de Venta Continua,,A,29888,29929,42,,,
2025-12-31,REALIZACION,D01,,Cartas de Venta Continua,,A,29932,29932,1,,,
2025-12-31,REALIZACION,D01,,Cartas de Venta Continua,,A,29934,29960,27,,,
2025-12-31,REALIZACION,D01,,Cartas de Venta Continua,,A,29962,30007,46,,,
2025-12-31,REALIZACION,D01,,Cartas de Venta Continua,,A,30009,30030,22,,,
2025-12-31,REALIZACION,D01,,Cartas de Venta Continua,,A,30032,30060,29,,,
2025-12-31,REALIZACION,D01,,Cartas de Venta Continua,,A,30062,30077,16,,,
2025-12-31,REALIZACION,D01,,Cartas de Venta Continua,,A,30079,30103,25,,,
2025-12-31,REALIZACION,D01,,Cartas de Venta Continua,,A,30105,30131,27,,,
2025-12-31,REALIZACION,D01,,Cartas de Venta Continua,,A,30133,30134,2,,,
2025-12-31,REALIZACION,D01,,Cartas de Venta Continua,,A,30136,30164,29,,,
2025-12-31,REALIZACION,D01,,Cartas de Venta Continua,,A,30166,30172,7,,,
2025-12-31,REALIZACION,D01,,Cartas de Venta Continua,,A,30174,30223,50,,,
2025-12-31,REALIZACION,D01,,Cartas de Venta Continua,,A,30225,30273,49,,,
2025-12-31,REALIZACION,D01,,Cartas de Venta Continua,,A,30275,30290,16,,,
2025-12-31,REALIZACION,D01,,Cartas de Venta Continua,,A,30292,30296,5,,,
2025-12-31,REALIZACION,D01,,Cartas de Venta Continua,,A,30298,30300,3,,,
2025-12-31,REALIZACION,D01,,Cartas de Venta Continua,,A,130151,130164,14,,,
2025-12-31,REALIZACION,D01,,Cartas de Venta Continua,,A,130166,130166,1,,,
2025-12-31,REALIZACION,D01,,Cartas de Venta Continua,,A,130168,130190,23,,,
2025-12-31,REALIZACION,D01,,Cartas de Venta Continua,,A,130192,130212,21,,,
2025-12-31,REALIZACION,D01,,Tarjetas para Carnet de Identificación,0.30,A,13791,13792,2,,,
2025-12-31,REALIZACION,D01,,Tarjetas para Carnet de Identificación,0.30,A,13794,13891,98,,,
2025-12-31,REALIZACION,D01,,Tarjetas para Carnet de Identificación,0.30,A,13893,13900,8,,,
2025-12-31,REALIZACION,D01,,Tarjetas para Carnet de Identificación,0.30,A,40301,40302,2,,,
2025-12-31,REALIZACION,D01,,Fórmulas 1-ISAM Continua,,B,953241,954744,1504,,CAJA 1,
2025-12-31,REALIZACION,D01,,Fórmulas 1-ISAM Continua,,B,966153,967489,1337,,CAJA 2,
2025-12-31,REALIZACION,D01,,Fórmulas 1-ISAM Continua,,C,918230,919496,1267,,RASTRO,
2025-12-31,REALIZACION,D01,,Fórmulas 1-ISAM Continua,,C,927558,928060,503,,C. DOMICILIO,
2025-12-31,REALIZACION,D01,,Fórmulas 1-ISAM Continua,,U,900323,900326,4,,AUXILIAR,
2025-12-31,REALIZACION,D01,,Títulos a Perpetuidad,0.53,A,233542,233564,23,,,
2025-12-31,REALIZACION,D02,,Cartas de Venta Continua,,A,162683,162720,38,,,
2025-12-31,REALIZACION,D02,,Cartas de Venta Continua,,A,162722,162731,10,,,
2025-12-31,REALIZACION,D02,,Cartas de Venta Continua,,A,162733,162748,16,,,
2025-12-31,REALIZACION,D02,,Cartas de Venta Continua,,A,162750,162860,111,,,
2025-12-31,REALIZACION,D02,,Tarjetas para Carnet de Identificación,0.30,A,367868,367871,4,,,
2025-12-31,REALIZACION,D02,,Fórmulas 1-ISAM Continua,,C,53303,53634,332,,,
2025-12-31,REALIZACION,D02,,Títulos a Perpetuidad,0.53,A,234306,234308,3,,,
2025-12-31,REALIZACION,D03,,Cartas de Venta Continua,,A,17600,17613,14,,,
2025-12-31,REALIZACION,D03,,Cartas de Venta Continua,,A,17615,17684,70,,,
2025-12-31,REALIZACION,D03,,Cartas de Venta Continua,,A,17686,17709,24,,,
2025-12-31,REALIZACION,D03,,Cartas de Venta Continua,,A,17713,17719,7,,,
2025-12-31,REALIZACION,D03,,Cartas de Venta Continua,,A,17721,17725,5,,,
2025-12-31,REALIZACION,D03,,Cartas de Venta Continua,,A,17727,17780,54,,,
2025-12-31,REALIZACION,D03,,Cartas de Venta Continua,,A,17782,17784,3,,,
2025-12-31,REALIZACION,D03,,Cartas de Venta Continua,,A,17786,17811,26,,,
2025-12-31,REALIZACION,D03,,Cartas de Venta Continua,,A,17813,17888,76,,,
2025-12-31,REALIZACION,D03,,Fórmulas 1-ISAM Continua,,B,974158,974618,461,,,
2025-12-31,REALIZACION,D03,,Títulos a Perpetuidad,0.53,,195331,195333,3,,,
2025-12-31,REALIZACION,D04,,Tiquetes de Mercado,0.25,E,239041,245535,6495,,,
2025-12-31,REALIZACION,D04,,Tiquetes de Mercado,1.00,I,591401,592761,1361,,,
2025-12-31,REALIZACION,D04,,Tarjetas de Control de Mercado,,B,99585,99665,81,,,
2025-12-31,REALIZACION,D04,,Cartas de Venta Continua,,A,158144,158163,20,,,
2025-12-31,REALIZACION,D04,,Cartas de Venta Continua,,A,158165,158235,71,,,
2025-12-31,REALIZACION,D04,,Cartas de Venta Continua,,A,158237,158241,5,,,
2025-12-31,REALIZACION,D04,,Cartas de Venta Continua,,A,158243,158292,50,,,
2025-12-31,REALIZACION,D04,,Cartas de Venta Continua,,A,158294,158296,3,,,
2025-12-31,REALIZACION,D04,,Cartas de Venta Continua,,A,158298,158306,9,,,
2025-12-31,REALIZACION,D04,,Cartas de Venta Continua,,A,158308,158308,1,,,
2025-12-31,REALIZACION,D04,,Cartas de Venta Continua,,A,158310,158331,22,,,
2025-12-31,REALIZACION,D04,,Cartas de Venta Continua,,A,158333,158337,5,,,
2025-12-31,REALIZACION,D04,,Cartas de Venta Continua,,A,158339,158422,84,,,
2025-12-31,REALIZACION,D04,,Cartas de Venta Continua,,A,158424,158445,22,,,
2025-12-31,REALIZACION,D04,,Cartas de Venta Continua,,A,158447,158473,27,,,
2025-12-31,REALIZACION,D04,,Cartas de Venta Continua,,A,158475,158494,20,,,
2025-12-31,REALIZACION,D04,,Carnet de Menores,0.09,,740487,740492,6,,,
2025-12-31,REALIZACION,D04,,Fórmulas 1-ISAM Continua,,C,50781,51912,1132,,,
2025-12-31,REALIZACION,D04,,Títulos a Perpetuidad,0.53,,167704,167707,4,,,
2025-12-31,NULA,D01,,Fondo Vialidad,3.43,C,131675,131675,1,,,
2025-12-31,NULA,D01,,Cartas de Venta Continua,,A,29326,29326,1,,,
2025-12-31,NULA,D01,,Cartas de Venta Continua,,A,29332,29332,1,,,
2025-12-31,NULA,D01,,Cartas de Venta Continua,,A,29344,29344,1,,,
2025-12-31,NULA,D01,,Cartas de Venta Continua,,A,29347,29347,1,,,
2025-12-31,NULA,D01,,Cartas de Venta Continua,,A,29352,29353,2,,,
2025-12-31,NULA,D01,,Cartas de Venta Continua,,A,29390,29390,1,,,
2025-12-31,NULA,D01,,Cartas de Venta Continua,,A,29395,29396,2,,,
2025-12-31,NULA,D01,,Cartas de Venta Continua,,A,29448,29448,1,,,
2025-12-31,NULA,D01,,Cartas de Venta Continua,,A,29487,29487,1,,,
2025-12-31,NULA,D01,,Cartas de Venta Continua,,A,29493,29493,1,,,
2025-12-31,NULA,D01,,Cartas de Venta Continua,,A,29500,29500,1,,,
2025-12-31,NULA,D01,,Cartas de Venta Continua,,A,29518,29518,1,,,
2025-12-31,NULA,D01,,Cartas de Venta Continua,,A,29538,29538,1,,,
2025-12-31,NULA,D01,,Cartas de Venta Continua,,A,29548,29549,2,,,
2025-12-31,NULA,D01,,Cartas de Venta Continua,,A,29552,29552,1,,,
2025-12-31,NULA,D01,,Cartas de Venta Continua,,A,29580,29581,2,,,
2025-12-31,NULA,D01,,Cartas de Venta Continua,,A,29603,29603,1,,,
2025-12-31,NULA,D01,,Cartas de Venta Continua,,A,29608,29608,1,,,
2025-12-31,NULA,D01,,Cartas de Venta Continua,,A,29628,29628,1,,,
2025-12-31,NULA,D01,,Cartas de Venta Continua,,A,29633,29633,1,,,
2025-12-31,NULA,D01,,Cartas de Venta Continua,,A,29650,29650,1,,,
2025-12-31,NULA,D01,,Cartas de Venta Continua,,A,29653,29654,2,,,
2025-12-31,NULA,D01,,Cartas de Venta Continua,,A,29714,29714,1,,,
2025-12-31,NULA,D01,,Cartas de Venta Continua,,A,29728,29729,2,,,
2025-12-31,NULA,D01,,Cartas de Venta Continua,,A,29731,29731,1,,,
2025-12-31,NULA,D01,,Cartas de Venta Continua,,A,29785,29785,1,,,
2025-12-31,NULA,D01,,Cartas de Venta Continua,,A,29840,29840,1,,,
2025-12-31,NULA,D01,,Cartas de Venta Continua,,A,29844,29844,1,,,
2025-12-31,NULA,D01,,Cartas de Venta Continua,,A,29887,29887,1,,,
2025-12-31,NULA,D01,,Cartas de Venta Continua,,A,29930,29931,2,,,
2025-12-31,NULA,D01,,Cartas de Venta Continua,,A,29933,29933,1,,,
2025-12-31,NULA,D01,,Cartas de Venta Continua,,A,29961,29961,1,,,
2025-12-31,NULA,D01,,Cartas de Venta Continua,,A,30008,30008,1,,,
2025-12-31,NULA,D01,,Cartas de Venta Continua,,A,30031,30031,1,,,
2025-12-31,NULA,D01,,Cartas de Venta Continua,,A,30061,30061,1,,,
2025-12-31,NULA,D01,,Cartas de Venta Continua,,A,30078,30078,1,,,
2025-12-31,NULA,D01,,Cartas de Venta Continua,,A,30104,30104,1,,,
2025-12-31,NULA,D01,,Cartas de Venta Continua,,A,30132,30132,1,,,
2025-12-31,NULA,D01,,Cartas de Venta Continua,,A,30135,30135,1,,,
2025-12-31,NULA,D01,,Cartas de Venta Continua,,A,30165,30165,1,,,
2025-12-31,NULA,D01,,Cartas de Venta Continua,,A,30173,30173,1,,,
2025-12-31,NULA,D01,,Cartas de Venta Continua,,A,30224,30224,1,,,
2025-12-31,NULA,D01,,Cartas de Venta Continua,,A,30274,30274,1,,,
2025-12-31,NULA,D01,,Cartas de Venta Continua,,A,30291,30291,1,,,
2025-12-31,NULA,D01,,Cartas de Venta Continua,,A,30297,30297,1,,,
2025-12-31,NULA,D01,,Cartas de Venta Continua,,A,130165,130165,1,,,
2025-12-31,NULA,D01,,Cartas de Venta Continua,,A,130167,130167,1,,,
2025-12-31,NULA,D01,,Cartas de Venta Continua,,A,130191,130191,1,,,
2025-12-31,NULA,D01,,Tarjetas para Carnet de Identificación,0.30,A,13793,13793,1,,,
2025-12-31,NULA,D01,,Tarjetas para Carnet de Identificación,0.30,A,13892,13892,1,,,
2025-12-31,NULA,D02,,Cartas de Venta Continua,,A,162721,162721,1,,,
2025-12-31,NULA,D02,,Cartas de Venta Continua,,A,162732,162732,1,,,
2025-12-31,NULA,D02,,Cartas de Venta Continua,,A,162749,162749,1,,,
2025-12-31,NULA,D03,,Cartas de Venta Continua,,A,17614,17614,1,,,
2025-12-31,NULA,D03,,Cartas de Venta Continua,,A,17685,17685,1,,,
2025-12-31,NULA,D03,,Cartas de Venta Continua,,A,17710,17712,3,,,
2025-12-31,NULA,D03,,Cartas de Venta Continua,,A,17720,17720,1,,,
2025-12-31,NULA,D03,,Cartas de Venta Continua,,A,17726,17726,1,,,
2025-12-31,NULA,D03,,Cartas de Venta Continua,,A,17781,17781,1,,,
2025-12-31,NULA,D03,,Cartas de Venta Continua,,A,17785,17785,1,,,
2025-12-31,NULA,D03,,Cartas de Venta Continua,,A,17812,17812,1,,,
2025-12-31,NULA,D04,,Cartas de Venta Continua,,A,158164,158164,1,,,
2025-12-31,NULA,D04,,Cartas de Venta Continua,,A,158236,158236,1,,,
2025-12-31,NULA,D04,,Cartas de Venta Continua,,A,158242,158242,1,,,
2025-12-31,NULA,D04,,Cartas de Venta Continua,,A,158293,158293,1,,,
2025-12-31,NULA,D04,,Cartas de Venta Continua,,A,158297,158297,1,,,
2025-12-31,NULA,D04,,Cartas de Venta Continua,,A,158307,158307,1,,,
2025-12-31,NULA,D04,,Cartas de Venta Continua,,A,158309,158309,1,,,
2025-12-31,NULA,D04,,Cartas de Venta Continua,,A,158332,158332,1,,,
2025-12-31,NULA,D04,,Cartas de Venta Continua,,A,158338,158338,1,,,
2025-12-31,NULA,D04,,Cartas de Venta Continua,,A,158423,158423,1,,,
2025-12-31,NULA,D04,,Cartas de Venta Continua,,A,158446,158446,1,,,
2025-12-31,NULA,D04,,Cartas de Venta Continua,,A,158474,158474,1,,,
2026-01-31,REALIZACION,D01,,Fondo Vialidad,3.43,C,131881,131893,13,,,
2026-01-31,REALIZACION,D01,,Fondo Vialidad,3.43,C,131895,131898,4,,,
2026-01-31,REALIZACION,D01,,Fondo Vialidad,3.43,C,131900,131905,6,,,
2026-01-31,REALIZACION,D01,,Fondo Vialidad,3.43,C,131907,131965,59,,,
2026-01-31,REALIZACION,D01,,Tiquetes de Mercado,0.15,J,123429,169144,45716,,,
2026-01-31,REALIZACION,D01,,Tiquetes de Mercado,0.50,D,111358,119285,7928,,,
2026-01-31,REALIZACION,D01,,Tiquetes de Mercado,1.00,B,834438,834522,85,,,
2026-01-31,REALIZACION,D01,,Tiquetes Servicio de Báscula,0.50,A,15024,15363,340,,,
2026-01-31,REALIZACION,D01,,Cartas de Venta Continua,,A,130213,130244,32,,,
2026-01-31,REALIZACION,D01,,Cartas de Venta Continua,,A,130247,130365,119,,,
2026-01-31,REALIZACION,D01,,Cartas de Venta Continua,,A,130367,130413,47,,,
2026-01-31,REALIZACION,D01,,Cartas de Venta Continua,,A,130415,130429,15,,,
2026-01-31,REALIZACION,D01,,Cartas de Venta Continua,,A,130431,130460,30,,,
2026-01-31,REALIZACION,D01,,Cartas de Venta Continua,,A,130463,130466,4,,,
2026-01-31,REALIZACION,D01,,Cartas de Venta Continua,,A,130468,130473,6,,,
2026-01-31,REALIZACION,D01,,Cartas de Venta Continua,,A,130475,130491,17,,,
2026-01-31,REALIZACION,D01,,Cartas de Venta Continua,,A,130493,130560,68,,,
2026-01-31,REALIZACION,D01,,Cartas de Venta Continua,,A,130562,130629,68,,,
2026-01-31,REALIZACION,D01,,Cartas de Venta Continua,,A,130631,130637,7,,,
2026-01-31,REALIZACION,D01,,Cartas de Venta Continua,,A,130639,130643,5,,,
2026-01-31,REALIZACION,D01,,Cartas de Venta Continua,,A,130646,130742,97,,,
2026-01-31,REALIZACION,D01,,Cartas de Venta Continua,,A,130744,130757,14,,,
2026-01-31,REALIZACION,D01,,Cartas de Venta Continua,,A,130759,130760,2,,,
2026-01-31,REALIZACION,D01,,Cartas de Venta Continua,,A,130762,130773,12,,,
2026-01-31,REALIZACION,D01,,Cartas de Venta Continua,,A,130775,130787,13,,,
2026-01-31,REALIZACION,D01,,Cartas de Venta Continua,,A,130789,130801,13,,,
2026-01-31,REALIZACION,D01,,Cartas de Venta Continua,,A,130803,130822,20,,,
2026-01-31,REALIZACION,D01,,Cartas de Venta Continua,,A,130824,130826,3,,,
2026-01-31,REALIZACION,D01,,Cartas de Venta Continua,,A,130828,130830,3,,,
2026-01-31,REALIZACION,D01,,Cartas de Venta Continua,,A,130832,130842,11,,,
2026-01-31,REALIZACION,D01,,Cartas de Venta Continua,,A,130844,130855,12,,,
2026-01-31,REALIZACION,D01,,Cartas de Venta Continua,,A,130857,130928,72,,,
2026-01-31,REALIZACION,D01,,Cartas de Venta Continua,,A,130930,130949,20,,,
2026-01-31,REALIZACION,D01,,Cartas de Venta Continua,,A,130951,130963,13,,,
2026-01-31,REALIZACION,D01,,Cartas de Venta Continua,,A,130965,131038,74,,,
2026-01-31,REALIZACION,D01,,Cartas de Venta Continua,,A,131040,131067,28,,,
2026-01-31,REALIZACION,D01,,Cartas de Venta Continua,,A,131069,131080,12,,,
2026-01-31,REALIZACION,D01,,Cartas de Venta Continua,,A,131082,131098,17,,,
2026-01-31,REALIZACION,D01,,Cartas de Venta Continua,,A,131100,131163,64,,,
2026-01-31,REALIZACION,D01,,Cartas de Venta Continua,,A,131165,131174,10,,,
2026-01-31,REALIZACION,D01,,Cartas de Venta Continua,,A,131176,131200,25,,,
2026-01-31,REALIZACION,D01,,Cartas de Venta Continua,,A,131202,131268,67,,,
2026-01-31,REALIZACION,D01,,Cartas de Venta Continua,,A,131270,131270,1,,,
2026-01-31,REALIZACION,D01,,Cartas de Venta Continua,,A,131273,131279,7,,,
2026-01-31,REALIZACION,D01,,Cartas de Venta Continua,,A,131281,131281,1,,,
2026-01-31,REALIZACION,D01,,Cartas de Venta Continua,,A,131283,131295,13,,,
2026-01-31,REALIZACION,D01,,Cartas de Venta Continua,,A,131297,131298,2,,,
2026-01-31,REALIZACION,D01,,Cartas de Venta Continua,,A,131301,131369,69,,,
2026-01-31,REALIZACION,D01,,Cartas de Venta Continua,,A,131371,131376,6,,,
2026-01-31,REALIZACION,D01,,Cartas de Venta Continua,,A,131378,131391,14,,,
2026-01-31,REALIZACION,D01,,Cartas de Venta Continua,,A,131393,131426,34,,,
2026-01-31,REALIZACION,D01,,Cartas de Venta Continua,,A,131428,131480,53,,,
2026-01-31,REALIZACION,D01,,Cartas de Venta Continua,,A,131482,131539,58,,,
2026-01-31,REALIZACION,D01,,Cartas de Venta Continua,,A,131541,131547,7,,,
2026-01-31,REALIZACION,D01,,Cartas de Venta Continua,,A,131549,131551,3,,,
2026-01-31,REALIZACION,D01,,Cartas de Venta Continua,,A,131553,131554,2,,,
2026-01-31,REALIZACION,D01,,Cartas de Venta Continua,,A,131556,131640,85,,,
2026-01-31,REALIZACION,D01,,Cartas de Venta Continua,,A,131642,131653,12,,,
2026-01-31,REALIZACION,D01,,Cartas de Venta Continua,,A,131655,131682,28,,,
2026-01-31,REALIZACION,D01,,Cartas de Venta Continua,,A,131684,131684,1,,,
2026-01-31,REALIZACION,D01,,Cartas de Venta Continua,,A,131686,131717,32,,,
2026-01-31,REALIZACION,D01,,Cartas de Venta Continua,,A,131719,131749,31,,,
2026-01-31,REALIZACION,D01,,Tarjetas para Carnet de Identificación,0.30,A,40303,40353,51,,,
2026-01-31,REALIZACION,D01,,Tarjetas para Carnet de Identificación,0.30,A,40355,40381,27,,,
2026-01-31,REALIZACION,D01,,Tarjetas para Carnet de Identificación,0.30,A,40383,40386,4,,,
2026-01-31,REALIZACION,D01,,Tarjetas para Carnet de Identificación,0.30,A,40388,40393,6,,,
2026-01-31,REALIZACION,D01,,Tarjetas para Carnet de Identificación,0.30,A,40395,40585,191,,,
2026-01-31,REALIZACION,D01,,Fórmulas 1-ISAM Continua,,B,954759,956528,1770,,CAJA 1,
2026-01-31,REALIZACION,D01,,Fórmulas 1-ISAM Continua,,B,956530,957500,971,,CAJA 1,
2026-01-31,REALIZACION,D01,,Fórmulas 1-ISAM Continua,,C,892501,892513,13,,CAJA 1,
2026-01-31,REALIZACION,D01,,Fórmulas 1-ISAM Continua,,B,967490,968273,784,,CAJA 2,
2026-01-31,REALIZACION,D01,,Fórmulas 1-ISAM Continua,,B,968275,969667,1393,,CAJA 2,
2026-01-31,REALIZACION,D01,,Fórmulas 1-ISAM Continua,,B,969669,970094,426,,CAJA 2,
2026-01-31,REALIZACION,D01,,Fórmulas 1-ISAM Continua,,C,919497,921718,2222,,RASTRO,
2026-01-31,REALIZACION,D01,,Fórmulas 1-ISAM Continua,,C,928061,928290,230,,C. DOMICILIO,
2026-01-31,REALIZACION,D01,,Títulos a Perpetuidad,0.53,A,233565,233597,33,,,
2026-01-31,REALIZACION,D02,,Fondo Vialidad,3.43,C,860887,860887,1,,,
2026-01-31,REALIZACION,D02,,Cartas de Venta Continua,,A,162861,162873,13,,,
2026-01-31,REALIZACION,D02,,Cartas de Venta Continua,,A,162875,162970,96,,,
2026-01-31,REALIZACION,D02,,Cartas de Venta Continua,,A,162972,162978,7,,,
2026-01-31,REALIZACION,D02,,Cartas de Venta Continua,,A,162980,163040,61,,,
2026-01-31,REALIZACION,D02,,Tarjetas para Carnet de Identificación,0.30,A,367872,367874,3,,,
2026-01-31,REALIZACION,D02,,Fórmulas 1-ISAM Continua,,C,53635,53828,194,,,
2026-01-31,REALIZACION,D02,,Fórmulas 1-ISAM Continua,,C,53830,53830,1,,,
2026-01-31,REALIZACION,D02,,Fórmulas 1-ISAM Continua,,C,53832,54135,304,,,
2026-01-31,REALIZACION,D02,,Fórmulas 1-ISAM Continua,,C,54137,54222,86,,,
2026-01-31,REALIZACION,D02,,Títulos a Perpetuidad,0.53,A,234309,234311,3,,,
2026-01-31,REALIZACION,D02,,Tarjetas de Inmuebles,0.26,A,98888,98894,7,,,
2026-01-31,REALIZACION,D03,,Cartas de Venta Continua,,A,17889,17898,10,,,
2026-01-31,REALIZACION,D03,,Cartas de Venta Continua,,A,17901,17948,48,,,
2026-01-31,REALIZACION,D03,,Cartas de Venta Continua,,A,17950,17972,23,,,
2026-01-31,REALIZACION,D03,,Cartas de Venta Continua,,A,17975,17994,20,,,
2026-01-31,REALIZACION,D03,,Cartas de Venta Continua,,A,17996,18002,7,,,
2026-01-31,REALIZACION,D03,,Cartas de Venta Continua,,A,18004,18005,2,,,
2026-01-31,REALIZACION,D03,,Cartas de Venta Continua,,A,18010,18047,38,,,
2026-01-31,REALIZACION,D03,,Cartas de Venta Continua,,A,18049,18062,14,,,
2026-01-31,REALIZACION,D03,,Cartas de Venta Continua,,A,18064,18091,28,,,
2026-01-31,REALIZACION,D03,,Cartas de Venta Continua,,A,18093,18095,3,,,
2026-01-31,REALIZACION,D03,,Cartas de Venta Continua,,A,18098,18143,46,,,
2026-01-31,REALIZACION,D03,,Cartas de Venta Continua,,A,18147,18147,1,,,
2026-01-31,REALIZACION,D03,,Cartas de Venta Continua,,A,18150,18160,11,,,
2026-01-31,REALIZACION,D03,,Cartas de Venta Continua,,A,18162,18195,34,,,
2026-01-31,REALIZACION,D03,,Cartas de Venta Continua,,A,18197,18214,18,,,
2026-01-31,REALIZACION,D03,,Cartas de Venta Continua,,A,18216,18217,2,,,
2026-01-31,REALIZACION,D03,,Cartas de Venta Continua,,A,18219,18234,16,,,
2026-01-31,REALIZACION,D03,,Cartas de Venta Continua,,A,18236,18257,22,,,
2026-01-31,REALIZACION,D03,,Cartas de Venta Continua,,A,18259,18271,13,,,
2026-01-31,REALIZACION,D03,,Fórmulas 1-ISAM Continua,,B,974619,975000,382,,,
2026-01-31,REALIZACION,D03,,Fórmulas 1-ISAM Continua,,C,930001,930707,707,,,
2026-01-31,REALIZACION,D03,,Fondo Vialidad,3.43,C,555439,555439,1,,,
2026-01-31,REALIZACION,D04,,Fondo Vialidad,3.43,C,10988,10993,6,,,
2026-01-31,REALIZACION,D04,,Tiquetes de Mercado,0.25,E,245536,251660,6125,,,
2026-01-31,REALIZACION,D04,,Tiquetes de Mercado,1.00,I,592762,593875,1114,,,
2026-01-31,REALIZACION,D04,,Tarjetas de Control de Mercado,,B,99666,99746,81,,,
2026-01-31,REALIZACION,D04,,Cartas de Venta Continua,,A,158495,158550,56,,,
2026-01-31,REALIZACION,D04,,Cartas de Venta Continua,,A,158552,158554,3,,,
2026-01-31,REALIZACION,D04,,Cartas de Venta Continua,,A,158556,158617,62,,,
2026-01-31,REALIZACION,D04,,Cartas de Venta Continua,,A,158619,158650,32,,,
2026-01-31,REALIZACION,D04,,Cartas de Venta Continua,,A,158652,158689,38,,,
2026-01-31,REALIZACION,D04,,Cartas de Venta Continua,,A,158691,158694,4,,,
2026-01-31,REALIZACION,D04,,Cartas de Venta Continua,,A,158696,158725,30,,,
2026-01-31,REALIZACION,D04,,Cartas de Venta Continua,,A,158727,158748,22,,,
2026-01-31,REALIZACION,D04,,Cartas de Venta Continua,,A,158750,158795,46,,,
2026-01-31,REALIZACION,D04,,Cartas de Venta Continua,,A,158797,158821,25,,,
2026-01-31,REALIZACION,D04,,Cartas de Venta Continua,,A,158823,158847,25,,,
2026-01-31,REALIZACION,D04,,Cartas de Venta Continua,,A,158849,158878,30,,,
2026-01-31,REALIZACION,D04,,Cartas de Venta Continua,,A,158880,158888,9,,,
2026-01-31,REALIZACION,D04,,Carnet de Menores,0.09,,740493,740499,7,,,
2026-01-31,REALIZACION,D04,,Fórmulas 1-ISAM Continua,,C,51913,52500,588,,,
2026-01-31,REALIZACION,D04,,Fórmulas 1-ISAM Continua,,D,10001,11655,1655,,,
2026-01-31,REALIZACION,D04,,Títulos a Perpetuidad,0.53,,167708,167719,12,,,
2026-01-31,NULA,D01,,Fondo Vialidad,3.43,C,131894,131894,1,,,
2026-01-31,NULA,D01,,Fondo Vialidad,3.43,C,131899,131899,1,,,
2026-01-31,NULA,D01,,Fondo Vialidad,3.43,C,131906,131906,1,,,
2026-01-31,NULA,D01,,Cartas de Venta Continua,,A,130245,130246,2,,,
2026-01-31,NULA,D01,,Cartas de Venta Continua,,A,130366,130366,1,,,
2026-01-31,NULA,D01,,Cartas de Venta Continua,,A,130414,130414,1,,,
2026-01-31,NULA,D01,,Cartas de Venta Continua,,A,130430,130430,1,,,
2026-01-31,NULA,D01,,Cartas de Venta Continua,,A,130461,130462,2,,,
2026-01-31,NULA,D01,,Cartas de Venta Continua,,A,130467,130467,1,,,
2026-01-31,NULA,D01,,Cartas de Venta Continua,,A,130474,130474,1,,,
2026-01-31,NULA,D01,,Cartas de Venta Continua,,A,130492,130492,1,,,
2026-01-31,NULA,D01,,Cartas de Venta Continua,,A,130561,130561,1,,,
2026-01-31,NULA,D01,,Cartas de Venta Continua,,A,130630,130630,1,,,
2026-01-31,NULA,D01,,Cartas de Venta Continua,,A,130638,130638,1,,,
2026-01-31,NULA,D01,,Cartas de Venta Continua,,A,130644,130645,2,,,
2026-01-31,NULA,D01,,Cartas de Venta Continua,,A,130743,130743,1,,,
2026-01-31,NULA,D01,,Cartas de Venta Continua,,A,130758,130758,1,,,
2026-01-31,NULA,D01,,Cartas de Venta Continua,,A,130761,130761,1,,,
2026-01-31,NULA,D01,,Cartas de Venta Continua,,A,130774,130774,1,,,
2026-01-31,NULA,D01,,Cartas de Venta Continua,,A,130788,130788,1,,,
2026-01-31,NULA,D01,,Cartas de Venta Continua,,A,130802,130802,1,,,
2026-01-31,NULA,D01,,Cartas de Venta Continua,,A,130823,130823,1,,,
2026-01-31,NULA,D01,,Cartas de Venta Continua,,A,130827,130827,1,,,
2026-01-31,NULA,D01,,Cartas de Venta Continua,,A,130831,130831,1,,,
2026-01-31,NULA,D01,,Cartas de Venta Continua,,A,130843,130843,1,,,
2026-01-31,NULA,D01,,Cartas de Venta Continua,,A,130856,130856,1,,,
2026-01-31,NULA,D01,,Cartas de Venta Continua,,A,130929,130929,1,,,
2026-01-31,NULA,D01,,Cartas de Venta Continua,,A,130950,130950,1,,,
2026-01-31,NULA,D01,,Cartas de Venta Continua,,A,130964,130964,1,,,
2026-01-31,NULA,D01,,Cartas de Venta Continua,,A,131039,131039,1,,,
2026-01-31,NULA,D01,,Cartas de Venta Continua,,A,131068,131068,1,,,
2026-01-31,NULA,D01,,Cartas de Venta Continua,,A,131081,131081,1,,,
2026-01-31,NULA,D01,,Cartas de Venta Continua,,A,131099,131099,1,,,
2026-01-31,NULA,D01,,Cartas de Venta Continua,,A,131164,131164,1,,,
2026-01-31,NULA,D01,,Cartas de Venta Continua,,A,131175,131175,1,,,
2026-01-31,NULA,D01,,Cartas de Venta Continua,,A,131201,131201,1,,,
2026-01-31,NULA,D01,,Cartas de Venta Continua,,A,131269,131269,1,,,
2026-01-31,NULA,D01,,Cartas de Venta Continua,,A,131271,131272,2,,,
2026-01-31,NULA,D01,,Cartas de Venta Continua,,A,131280,131280,1,,,
2026-01-31,NULA,D01,,Cartas de Venta Continua,,A,131282,131282,1,,,
2026-01-31,NULA,D01,,Cartas de Venta Continua,,A,131296,131296,1,,,
2026-01-31,NULA,D01,,Cartas de Venta Continua,,A,131299,131300,2,,,
2026-01-31,NULA,D01,,Cartas de Venta Continua,,A,131370,131370,1,,,
2026-01-31,NULA,D01,,Cartas de Venta Continua,,A,131377,131377,1,,,
2026-01-31,NULA,D01,,Cartas de Venta Continua,,A,131392,131392,1,,,
2026-01-31,NULA,D01,,Cartas de Venta Continua,,A,131427,131427,1,,,
2026-01-31,NULA,D01,,Cartas de Venta Continua,,A,131481,131481,1,,,
2026-01-31,NULA,D01,,Cartas de Venta Continua,,A,131540,131540,1,,,
2026-01-31,NULA,D01,,Cartas de Venta Continua,,A,131548,131548,1,,,
2026-01-31,NULA,D01,,Cartas de Venta Continua,,A,131552,131552,1,,,
2026-01-31,NULA,D01,,Cartas de Venta Continua,,A,131555,131555,1,,,
2026-01-31,NULA,D01,,Cartas de Venta Continua,,A,131641,131641,1,,,
2026-01-31,NULA,D01,,Cartas de Venta Continua,,A,131654,131654,1,,,
2026-01-31,NULA,D01,,Cartas de Venta Continua,,A,131683,131683,1,,,
2026-01-31,NULA,D01,,Cartas de Venta Continua,,A,131685,131685,1,,,
2026-01-31,NULA,D01,,Cartas de Venta Continua,,A,131718,131718,1,,,
2026-01-31,NULA,D01,,Tarjetas para Carnet de Identificación,0.30,A,40354,40354,1,,,
2026-01-31,NULA,D01,,Tarjetas para Carnet de Identificación,0.30,A,40382,40382,1,,,
2026-01-31,NULA,D01,,Tarjetas para Carnet de Identificación,0.30,A,40387,40387,1,,,
2026-01-31,NULA,D01,,Tarjetas para Carnet de Identificación,0.30,A,40394,40394,1,,,
2026-01-31,NULA,D02,,Cartas de Venta Continua,,A,162874,162874,1,,,
2026-01-31,NULA,D02,,Cartas de Venta Continua,,A,162971,162971,1,,,
2026-01-31,NULA,D02,,Cartas de Venta Continua,,A,162979,162979,1,,,
2026-01-31,NULA,D02,,Fórmulas 1-ISAM Continua,,C,53829,53829,1,,,
2026-01-31,NULA,D02,,Fórmulas 1-ISAM Continua,,C,53831,53831,1,,,
2026-01-31,NULA,D02,,Fórmulas 1-ISAM Continua,,C,54136,54136,1,,,
2026-01-31,NULA,D03,,Cartas de Venta Continua,,A,17899,17900,2,,,
2026-01-31,NULA,D03,,Cartas de Venta Continua,,A,17949,17949,1,,,
2026-01-31,NULA,D03,,Cartas de Venta Continua,,A,17973,17974,2,,,
2026-01-31,NULA,D03,,Cartas de Venta Continua,,A,17995,17995,1,,,
2026-01-31,NULA,D03,,Cartas de Venta Continua,,A,18003,18003,1,,,
2026-01-31,NULA,D03,,Cartas de Venta Continua,,A,18006,18009,4,,,
2026-01-31,NULA,D03,,Cartas de Venta Continua,,A,18048,18048,1,,,
2026-01-31,NULA,D03,,Cartas de Venta Continua,,A,18063,18063,1,,,
2026-01-31,NULA,D03,,Cartas de Venta Continua,,A,18092,18092,1,,,
2026-01-31,NULA,D03,,Cartas de Venta Continua,,A,18096,18097,2,,,
2026-01-31,NULA,D03,,Cartas de Venta Continua,,A,18144,18146,3,,,
2026-01-31,NULA,D03,,Cartas de Venta Continua,,A,18148,18149,2,,,
2026-01-31,NULA,D03,,Cartas de Venta Continua,,A,18161,18161,1,,,
2026-01-31,NULA,D03,,Cartas de Venta Continua,,A,18196,18196,1,,,
2026-01-31,NULA,D03,,Cartas de Venta Continua,,A,18215,18215,1,,,
2026-01-31,NULA,D03,,Cartas de Venta Continua,,A,18218,18218,1,,,
2026-01-31,NULA,D03,,Cartas de Venta Continua,,A,18235,18235,1,,,
2026-01-31,NULA,D03,,Cartas de Venta Continua,,A,18258,18258,1,,,
2026-01-31,NULA,D04,,Cartas de Venta Continua,,A,158551,158551,1,,,
2026-01-31,NULA,D04,,Cartas de Venta Continua,,A,158555,158555,1,,,
2026-01-31,NULA,D04,,Cartas de Venta Continua,,A,158618,158618,1,,,
2026-01-31,NULA,D04,,Cartas de Venta Continua,,A,158651,158651,1,,,
2026-01-31,NULA,D04,,Cartas de Venta Continua,,A,158690,158690,1,,,
2026-01-31,NULA,D04,,Cartas de Venta Continua,,A,158695,158695,1,,,
2026-01-31,NULA,D04,,Cartas de Venta Continua,,A,158726,158726,1,,,
2026-01-31,NULA,D04,,Cartas de Venta Continua,,A,158749,158749,1,,,
2026-01-31,NULA,D04,,Cartas de Venta Continua,,A,158796,158796,1,,,
2026-01-31,NULA,D04,,Cartas de Venta Continua,,A,158822,158822,1,,,
2026-01-31,NULA,D04,,Cartas de Venta Continua,,A,158848,158848,1,,,
2026-01-31,NULA,D04,,Cartas de Venta Continua,,A,158879,158879,1,,,
2026-02-28,REALIZACION,D01,,Fondo Vialidad,1.14,C,38505,38505,1,,,
2026-02-28,REALIZACION,D01,,Fondo Vialidad,3.43,C,131966,132126,161,,,
2026-02-28,REALIZACION,D01,,Fondo Vialidad,3.43,C,132128,132128,1,,,
2026-02-28,REALIZACION,D01,,Fondo Vialidad,3.43,C,132130,132141,12,,,
2026-02-28,REALIZACION,D01,,Fondo Vialidad,3.43,C,132143,132149,7,,,
2026-02-28,REALIZACION,D01,,Fondo Vialidad,3.43,C,132151,132182,32,,,
2026-02-28,REALIZACION,D01,,Fondo Vialidad,3.43,C,132184,132191,8,,,
2026-02-28,REALIZACION,D01,,Fondo Vialidad,3.43,C,132193,132212,20,,,
2026-02-28,REALIZACION,D01,,Fondo Vialidad,3.43,C,132214,132225,12,,,
2026-02-28,REALIZACION,D01,,Fondo Vialidad,3.43,C,132227,132231,5,,,
2026-02-28,REALIZACION,D01,,Fondo Vialidad,3.43,C,132233,132252,20,,,
2026-02-28,REALIZACION,D01,,Fondo Vialidad,3.43,C,132255,132267,13,,,
2026-02-28,REALIZACION,D01,,Fondo Vialidad,3.43,C,132269,132271,3,,,
2026-02-28,REALIZACION,D01,,Fondo Vialidad,3.43,C,132273,132280,8,,,
2026-02-28,REALIZACION,D01,,Fondo Vialidad,3.43,C,132282,132286,5,,,
2026-02-28,REALIZACION,D01,,Fondo Vialidad,3.43,C,132288,132289,2,,,
2026-02-28,REALIZACION,D01,,Fondo Vialidad,3.43,C,132291,132357,67,,,
2026-02-28,REALIZACION,D01,,Fondo Vialidad,3.43,C,132359,132375,17,,,
2026-02-28,REALIZACION,D01,,Fondo Vialidad,3.43,C,132377,132384,8,,,
2026-02-28,REALIZACION,D01,,Fondo Vialidad,3.43,C,132386,132393,8,,,
2026-02-28,REALIZACION,D01,,Fondo Vialidad,3.43,C,132395,132400,6,,,
2026-02-28,REALIZACION,D01,,Fondo Vialidad,3.43,C,132402,132406,5,,,
2026-02-28,REALIZACION,D01,,Fondo Vialidad,3.43,C,132408,132434,27,,,
2026-02-28,REALIZACION,D01,,Fondo Vialidad,3.43,C,132436,132446,11,,,
2026-02-28,REALIZACION,D01,,Tiquetes de Mercado,0.15,J,169145,209775,40631,,,
2026-02-28,REALIZACION,D01,,Tiquetes de Mercado,0.50,D,119286,126495,7210,,,
2026-02-28,REALIZACION,D01,,Tiquetes de Mercado,1.00,B,834523,834884,362,,,
2026-02-28,REALIZACION,D01,,Tiquetes Servicio de Báscula,0.50,A,15364,15644,281,,,
2026-02-28,REALIZACION,D01,,Cartas de Venta Continua,,A,131751,131831,81,,,
2026-02-28,REALIZACION,D01,,Cartas de Venta Continua,,A,131833,131929,97,,,
2026-02-28,REALIZACION,D01,,Cartas de Venta Continua,,A,131932,131954,23,,,
2026-02-28,REALIZACION,D01,,Cartas de Venta Continua,,A,131956,131961,6,,,
2026-02-28,REALIZACION,D01,,Cartas de Venta Continua,,A,131964,131965,2,,,
2026-02-28,REALIZACION,D01,,Cartas de Venta Continua,,A,131967,131981,15,,,
2026-02-28,REALIZACION,D01,,Cartas de Venta Continua,,A,131983,131989,7,,,
2026-02-28,REALIZACION,D01,,Cartas de Venta Continua,,A,131991,131991,1,,,
2026-02-28,REALIZACION,D01,,Cartas de Venta Continua,,A,131993,132042,50,,,
2026-02-28,REALIZACION,D01,,Cartas de Venta Continua,,A,132044,132057,14,,,
2026-02-28,REALIZACION,D01,,Cartas de Venta Continua,,A,132059,132071,13,,,
2026-02-28,REALIZACION,D01,,Cartas de Venta Continua,,A,132073,132137,65,,,
2026-02-28,REALIZACION,D01,,Cartas de Venta Continua,,A,132139,132153,15,,,
2026-02-28,REALIZACION,D01,,Cartas de Venta Continua,,A,132155,132162,8,,,
2026-02-28,REALIZACION,D01,,Cartas de Venta Continua,,A,132164,132171,8,,,
2026-02-28,REALIZACION,D01,,Cartas de Venta Continua,,A,132173,132178,6,,,
2026-02-28,REALIZACION,D01,,Cartas de Venta Continua,,A,132180,132185,6,,,
2026-02-28,REALIZACION,D01,,Cartas de Venta Continua,,A,132187,132187,1,,,
2026-02-28,REALIZACION,D01,,Cartas de Venta Continua,,A,132189,132202,14,,,
2026-02-28,REALIZACION,D01,,Cartas de Venta Continua,,A,132206,132254,49,,,
2026-02-28,REALIZACION,D01,,Cartas de Venta Continua,,A,132256,132280,25,,,
2026-02-28,REALIZACION,D01,,Cartas de Venta Continua,,A,132283,132304,22,,,
2026-02-28,REALIZACION,D01,,Cartas de Venta Continua,,A,132306,132330,25,,,
2026-02-28,REALIZACION,D01,,Cartas de Venta Continua,,A,132332,132371,40,,,
2026-02-28,REALIZACION,D01,,Cartas de Venta Continua,,A,132373,132394,22,,,
2026-02-28,REALIZACION,D01,,Cartas de Venta Continua,,A,132396,132404,9,,,
2026-02-28,REALIZACION,D01,,Cartas de Venta Continua,,A,132406,132501,96,,,
2026-02-28,REALIZACION,D01,,Cartas de Venta Continua,,A,132503,132554,52,,,
2026-02-28,REALIZACION,D01,,Cartas de Venta Continua,,A,132556,132573,18,,,
2026-02-28,REALIZACION,D01,,Cartas de Venta Continua,,A,132575,132579,5,,,
2026-02-28,REALIZACION,D01,,Cartas de Venta Continua,,A,132581,132622,42,,,
2026-02-28,REALIZACION,D01,,Cartas de Venta Continua,,A,132624,132668,45,,,
2026-02-28,REALIZACION,D01,,Cartas de Venta Continua,,A,132670,132689,20,,,
2026-02-28,REALIZACION,D01,,Cartas de Venta Continua,,A,132692,132738,47,,,
2026-02-28,REALIZACION,D01,,Cartas de Venta Continua,,A,132740,132763,24,,,
2026-02-28,REALIZACION,D01,,Cartas de Venta Continua,,A,132765,132770,6,,,
2026-02-28,REALIZACION,D01,,Cartas de Venta Continua,,A,132772,132774,3,,,
2026-02-28,REALIZACION,D01,,Cartas de Venta Continua,,A,132776,132795,20,,,
2026-02-28,REALIZACION,D01,,Cartas de Venta Continua,,A,132797,132870,74,,,
2026-02-28,REALIZACION,D01,,Cartas de Venta Continua,,A,132872,132877,6,,,
2026-02-28,REALIZACION,D01,,Cartas de Venta Continua,,A,132881,132944,64,,,
2026-02-28,REALIZACION,D01,,Cartas de Venta Continua,,A,132946,132963,18,,,
2026-02-28,REALIZACION,D01,,Cartas de Venta Continua,,A,132965,132989,25,,,
2026-02-28,REALIZACION,D01,,Cartas de Venta Continua,,A,132991,133013,23,,,
2026-02-28,REALIZACION,D01,,Cartas de Venta Continua,,A,133015,133065,51,,,
2026-02-28,REALIZACION,D01,,Cartas de Venta Continua,,A,133067,133141,75,,,
2026-02-28,REALIZACION,D01,,Cartas de Venta Continua,,A,133143,133164,22,,,
2026-02-28,REALIZACION,D01,,Cartas de Venta Continua,,A,133166,133218,53,,,
2026-02-28,REALIZACION,D01,,Cartas de Venta Continua,,A,133221,133222,2,,,
2026-02-28,REALIZACION,D01,,Cartas de Venta Continua,,A,133224,133263,40,,,
2026-02-28,REALIZACION,D01,,Cartas de Venta Continua,,A,133265,133275,11,,,
2026-02-28,REALIZACION,D01,,Tarjetas para Carnet de Identificación,0.30,A,40586,40669,84,,,
2026-02-28,REALIZACION,D01,,Tarjetas para Carnet de Identificación,0.30,A,40671,40677,7,,,
2026-02-28,REALIZACION,D01,,Tarjetas para Carnet de Identificación,0.30,A,40679,40694,16,,,
2026-02-28,REALIZACION,D01,,Tarjetas para Carnet de Identificación,0.30,A,40696,40730,35,,,
2026-02-28,REALIZACION,D01,,Fórmulas 1-ISAM Continua,,C,892514,894570,2057,,CAJA 1,
2026-02-28,REALIZACION,D01,,Fórmulas 1-ISAM Continua,,B,970095,971755,1661,,CAJA 2,
2026-02-28,REALIZACION,D01,,Fórmulas 1-ISAM Continua,,C,921719,923778,2060,,RASTRO,
2026-02-28,REALIZACION,D01,,Fórmulas 1-ISAM Continua,,C,928291,928522,232,,C. DOMICILIO,
2026-02-28,REALIZACION,D01,,Títulos a Perpetuidad,0.53,A,233598,233611,14,,,
2026-02-28,REALIZACION,D02,,Fondo Vialidad,3.43,C,860888,860894,7,,,
2026-02-28,REALIZACION,D02,,Fondo Vialidad,3.43,C,860896,860897,2,,,
2026-02-28,REALIZACION,D02,,Fondo Vialidad,3.43,C,860899,860899,1,,,
2026-02-28,REALIZACION,D02,,Cartas de Venta Continua,,A,163041,163140,100,,,
2026-02-28,REALIZACION,D02,,Cartas de Venta Continua,,A,163142,163171,30,,,
2026-02-28,REALIZACION,D02,,Cartas de Venta Continua,,A,163173,163195,23,,,
2026-02-28,REALIZACION,D02,,Cartas de Venta Continua,,A,163197,163207,11,,,
2026-02-28,REALIZACION,D02,,Cartas de Venta Continua,,A,163209,163209,1,,,
2026-02-28,REALIZACION,D02,,Cartas de Venta Continua,,A,163211,163241,31,,,
2026-02-28,REALIZACION,D02,,Tarjetas para Carnet de Identificación,0.30,A,367875,367877,3,,,
2026-02-28,REALIZACION,D02,,Fórmulas 1-ISAM Continua,,C,54223,54291,69,,,
2026-02-28,REALIZACION,D02,,Fórmulas 1-ISAM Continua,,C,54295,54663,369,,,
2026-02-28,REALIZACION,D02,,Fórmulas 1-ISAM Continua,,C,54665,54707,43,,,
2026-02-28,REALIZACION,D02,,Fórmulas 1-ISAM Continua,,C,54709,54714,6,,,
2026-02-28,REALIZACION,D02,,Fórmulas 1-ISAM Continua,,C,54718,54718,1,,,
2026-02-28,REALIZACION,D02,,Títulos a Perpetuidad,0.53,A,234312,234315,4,,,
2026-02-28,REALIZACION,D02,,Tarjetas de Inmuebles,0.26,A,98895,98898,4,,,
2026-02-28,REALIZACION,D03,,Cartas de Venta Continua,,A,18272,18290,19,,,
2026-02-28,REALIZACION,D03,,Cartas de Venta Continua,,A,18292,18292,1,,,
2026-02-28,REALIZACION,D03,,Cartas de Venta Continua,,A,18294,18313,20,,,
2026-02-28,REALIZACION,D03,,Cartas de Venta Continua,,A,18321,18380,60,,,
2026-02-28,REALIZACION,D03,,Cartas de Venta Continua,,A,18382,18389,8,,,
2026-02-28,REALIZACION,D03,,Cartas de Venta Continua,,A,18391,18401,11,,,
2026-02-28,REALIZACION,D03,,Cartas de Venta Continua,,A,18403,18417,15,,,
2026-02-28,REALIZACION,D03,,Cartas de Venta Continua,,A,18420,18423,4,,,
2026-02-28,REALIZACION,D03,,Cartas de Venta Continua,,A,18426,18435,10,,,
2026-02-28,REALIZACION,D03,,Cartas de Venta Continua,,A,18437,18460,24,,,
2026-02-28,REALIZACION,D03,,Cartas de Venta Continua,,A,18462,18482,21,,,
2026-02-28,REALIZACION,D03,,Cartas de Venta Continua,,A,18484,18492,9,,,
2026-02-28,REALIZACION,D03,,Fórmulas 1-ISAM Continua,,C,930708,931337,630,,,
2026-02-28,REALIZACION,D03,,Títulos a Perpetuidad,0.53,,195334,195334,1,,,
2026-02-28,REALIZACION,D03,,Fondo Vialidad,3.43,C,555440,555440,1,,,
2026-02-28,REALIZACION,D04,,Fondo Vialidad,3.43,C,10994,11000,7,,,
2026-02-28,REALIZACION,D04,,Fondo Vialidad,3.43,C,85701,85702,2,,,
2026-02-28,REALIZACION,D04,,Fondo Vialidad,3.43,C,85704,85706,3,,,
2026-02-28,REALIZACION,D04,,Tiquetes de Mercado,0.25,E,251661,257300,5640,,,
2026-02-28,REALIZACION,D04,,Tiquetes de Mercado,1.00,I,593876,595043,1168,,,
2026-02-28,REALIZACION,D04,,Tarjetas de Control de Mercado,,B,99747,99827,81,,,
2026-02-28,REALIZACION,D04,,Cartas de Venta Continua,,A,158889,158889,1,,,
2026-02-28,REALIZACION,D04,,Cartas de Venta Continua,,A,158891,158892,2,,,
2026-02-28,REALIZACION,D04,,Cartas de Venta Continua,,A,158894,158906,13,,,
2026-02-28,REALIZACION,D04,,Cartas de Venta Continua,,A,158908,159150,243,,,
2026-02-28,REALIZACION,D04,,Cartas de Venta Continua,,A,159152,159278,127,,,
2026-02-28,REALIZACION,D04,,Cartas de Venta Continua,,A,159280,159312,33,,,
2026-02-28,REALIZACION,D04,,Cartas de Venta Continua,,A,159314,159318,5,,,
2026-02-28,REALIZACION,D04,,Cartas de Venta Continua,,A,159320,159351,32,,,
2026-02-28,REALIZACION,D04,,Cartas de Venta Continua,,A,159354,159377,24,,,
2026-02-28,REALIZACION,D04,,Cartas de Venta Continua,,A,159379,159403,25,,,
2026-02-28,REALIZACION,D04,,Fórmulas 1-ISAM Continua,,D,11656,13591,1936,,,
2026-02-28,REALIZACION,D04,,Títulos a Perpetuidad,0.53,,167720,167728,9,,,
2026-02-28,NULA,D01,,Fondo Vialidad,3.43,C,132127,132127,1,,,
2026-02-28,NULA,D01,,Fondo Vialidad,3.43,C,132129,132129,1,,,
2026-02-28,NULA,D01,,Fondo Vialidad,3.43,C,132142,132142,1,,,
2026-02-28,NULA,D01,,Fondo Vialidad,3.43,C,132150,132150,1,,,
2026-02-28,NULA,D01,,Fondo Vialidad,3.43,C,132183,132183,1,,,
2026-02-28,NULA,D01,,Fondo Vialidad,3.43,C,132192,132192,1,,,
2026-02-28,NULA,D01,,Fondo Vialidad,3.43,C,132213,132213,1,,,
2026-02-28,NULA,D01,,Fondo Vialidad,3.43,C,132226,132226,1,,,
2026-02-28,NULA,D01,,Fondo Vialidad,3.43,C,132232,132232,1,,,
2026-02-28,NULA,D01,,Fondo Vialidad,3.43,C,132253,132254,2,,,
2026-02-28,NULA,D01,,Fondo Vialidad,3.43,C,132268,132268,1,,,
2026-02-28,NULA,D01,,Fondo Vialidad,3.43,C,132272,132272,1,,,
2026-02-28,NULA,D01,,Fondo Vialidad,3.43,C,132281,132281,1,,,
2026-02-28,NULA,D01,,Fondo Vialidad,3.43,C,132287,132287,1,,,
2026-02-28,NULA,D01,,Fondo Vialidad,3.43,C,132290,132290,1,,,
2026-02-28,NULA,D01,,Fondo Vialidad,3.43,C,132358,132358,1,,,
2026-02-28,NULA,D01,,Fondo Vialidad,3.43,C,132376,132376,1,,,
2026-02-28,NULA,D01,,Fondo Vialidad,3.43,C,132385,132385,1,,,
2026-02-28,NULA,D01,,Fondo Vialidad,3.43,C,132394,132394,1,,,
2026-02-28,NULA,D01,,Fondo Vialidad,3.43,C,132401,132401,1,,,
2026-02-28,NULA,D01,,Fondo Vialidad,3.43,C,132407,132407,1,,,
2026-02-28,NULA,D01,,Fondo Vialidad,3.43,C,132435,132435,1,,,
2026-02-28,NULA,D01,,Cartas de Venta Continua,,A,131750,131750,1,,,
2026-02-28,NULA,D01,,Cartas de Venta Continua,,A,131832,131832,1,,,
2026-02-28,NULA,D01,,Cartas de Venta Continua,,A,131930,131931,2,,,
2026-02-28,NULA,D01,,Cartas de Venta Continua,,A,131955,131955,1,,,
2026-02-28,NULA,D01,,Cartas de Venta Continua,,A,131962,131963,2,,,
2026-02-28,NULA,D01,,Cartas de Venta Continua,,A,131966,131966,1,,,
2026-02-28,NULA,D01,,Cartas de Venta Continua,,A,131982,131982,1,,,
2026-02-28,NULA,D01,,Cartas de Venta Continua,,A,131990,131990,1,,,
2026-02-28,NULA,D01,,Cartas de Venta Continua,,A,131992,131992,1,,,
2026-02-28,NULA,D01,,Cartas de Venta Continua,,A,132043,132043,1,,,
2026-02-28,NULA,D01,,Cartas de Venta Continua,,A,132058,132058,1,,,
2026-02-28,NULA,D01,,Cartas de Venta Continua,,A,132072,132072,1,,,
2026-02-28,NULA,D01,,Cartas de Venta Continua,,A,132138,132138,1,,,
2026-02-28,NULA,D01,,Cartas de Venta Continua,,A,132154,132154,1,,,
2026-02-28,NULA,D01,,Cartas de Venta Continua,,A,132163,132163,1,,,
2026-02-28,NULA,D01,,Cartas de Venta Continua,,A,132172,132172,1,,,
2026-02-28,NULA,D01,,Cartas de Venta Continua,,A,132179,132179,1,,,
2026-02-28,NULA,D01,,Cartas de Venta Continua,,A,132186,132186,1,,,
2026-02-28,NULA,D01,,Cartas de Venta Continua,,A,132188,132188,1,,,
2026-02-28,NULA,D01,,Cartas de Venta Continua,,A,132203,132205,3,,,
2026-02-28,NULA,D01,,Cartas de Venta Continua,,A,132255,132255,1,,,
2026-02-28,NULA,D01,,Cartas de Venta Continua,,A,132281,132282,2,,,
2026-02-28,NULA,D01,,Cartas de Venta Continua,,A,132305,132305,1,,,
2026-02-28,NULA,D01,,Cartas de Venta Continua,,A,132331,132331,1,,,
2026-02-28,NULA,D01,,Cartas de Venta Continua,,A,132372,132372,1,,,
2026-02-28,NULA,D01,,Cartas de Venta Continua,,A,132395,132395,1,,,
2026-02-28,NULA,D01,,Cartas de Venta Continua,,A,132405,132405,1,,,
2026-02-28,NULA,D01,,Cartas de Venta Continua,,A,132502,132502,1,,,
2026-02-28,NULA,D01,,Cartas de Venta Continua,,A,132555,132555,1,,,
2026-02-28,NULA,D01,,Cartas de Venta Continua,,A,132574,132574,1,,,
2026-02-28,NULA,D01,,Cartas de Venta Continua,,A,132580,132580,1,,,
2026-02-28,NULA,D01,,Cartas de Venta Continua,,A,132623,132623,1,,,
2026-02-28,NULA,D01,,Cartas de Venta Continua,,A,132669,132669,1,,,
2026-02-28,NULA,D01,,Cartas de Venta Continua,,A,132690,132691,2,,,
2026-02-28,NULA,D01,,Cartas de Venta Continua,,A,132739,132739,1,,,
2026-02-28,NULA,D01,,Cartas de Venta Continua,,A,132764,132764,1,,,
2026-02-28,NULA,D01,,Cartas de Venta Continua,,A,132771,132771,1,,,
2026-02-28,NULA,D01,,Cartas de Venta Continua,,A,132775,132775,1,,,
2026-02-28,NULA,D01,,Cartas de Venta Continua,,A,132796,132796,1,,,
2026-02-28,NULA,D01,,Cartas de Venta Continua,,A,132871,132871,1,,,
2026-02-28,NULA,D01,,Cartas de Venta Continua,,A,132878,132880,3,,,
2026-02-28,NULA,D01,,Cartas de Venta Continua,,A,132945,132945,1,,,
2026-02-28,NULA,D01,,Cartas de Venta Continua,,A,132964,132964,1,,,
2026-02-28,NULA,D01,,Cartas de Venta Continua,,A,132990,132990,1,,,
2026-02-28,NULA,D01,,Cartas de Venta Continua,,A,133014,133014,1,,,
2026-02-28,NULA,D01,,Cartas de Venta Continua,,A,133066,133066,1,,,
2026-02-28,NULA,D01,,Cartas de Venta Continua,,A,133142,133142,1,,,
2026-02-28,NULA,D01,,Cartas de Venta Continua,,A,133165,133165,1,,,
2026-02-28,NULA,D01,,Cartas de Venta Continua,,A,133219,133220,2,,,
2026-02-28,NULA,D01,,Cartas de Venta Continua,,A,133223,133223,1,,,
2026-02-28,NULA,D01,,Cartas de Venta Continua,,A,133264,133264,1,,,
2026-02-28,NULA,D01,,Tarjetas para Carnet de Identificación,0.30,A,40670,40670,1,,,
2026-02-28,NULA,D01,,Tarjetas para Carnet de Identificación,0.30,A,40678,40678,1,,,
2026-02-28,NULA,D01,,Tarjetas para Carnet de Identificación,0.30,A,40695,40695,1,,,
2026-02-28,NULA,D02,,Fondo Vialidad,3.43,C,860895,860895,1,,,
2026-02-28,NULA,D02,,Fondo Vialidad,3.43,C,860898,860898,1,,,
2026-02-28,NULA,D02,,Cartas de Venta Continua,,A,163141,163141,1,,,
2026-02-28,NULA,D02,,Cartas de Venta Continua,,A,163172,163172,1,,,
2026-02-28,NULA,D02,,Cartas de Venta Continua,,A,163196,163196,1,,,
2026-02-28,NULA,D02,,Cartas de Venta Continua,,A,163208,163208,1,,,
2026-02-28,NULA,D02,,Cartas de Venta Continua,,A,163210,163210,1,,,
2026-02-28,NULA,D02,,Fórmulas 1-ISAM Continua,,C,54292,54294,3,,,
2026-02-28,NULA,D02,,Fórmulas 1-ISAM Continua,,C,54664,54664,1,,,
2026-02-28,NULA,D02,,Fórmulas 1-ISAM Continua,,C,54708,54708,1,,,
2026-02-28,NULA,D02,,Fórmulas 1-ISAM Continua,,C,54715,54717,3,,,
2026-02-28,NULA,D03,,Cartas de Venta Continua,,A,18291,18291,1,,,
2026-02-28,NULA,D03,,Cartas de Venta Continua,,A,18293,18293,1,,,
2026-02-28,NULA,D03,,Cartas de Venta Continua,,A,18314,18320,7,,,
2026-02-28,NULA,D03,,Cartas de Venta Continua,,A,18381,18381,1,,,
2026-02-28,NULA,D03,,Cartas de Venta Continua,,A,18390,18390,1,,,
2026-02-28,NULA,D03,,Cartas de Venta Continua,,A,18402,18402,1,,,
2026-02-28,NULA,D03,,Cartas de Venta Continua,,A,18418,18419,2,,,
2026-02-28,NULA,D03,,Cartas de Venta Continua,,A,18424,18425,2,,,
2026-02-28,NULA,D03,,Cartas de Venta Continua,,A,18436,18436,1,,,
2026-02-28,NULA,D03,,Cartas de Venta Continua,,A,18461,18461,1,,,
2026-02-28,NULA,D03,,Cartas de Venta Continua,,A,18483,18483,1,,,
2026-02-28,NULA,D04,,Fondo Vialidad,3.43,C,85703,85703,1,,,
2026-02-28,NULA,D04,,Cartas de Venta Continua,,A,158890,158890,1,,,
2026-02-28,NULA,D04,,Cartas de Venta Continua,,A,158893,158893,1,,,
2026-02-28,NULA,D04,,Cartas de Venta Continua,,A,158907,158907,1,,,
2026-02-28,NULA,D04,,Cartas de Venta Continua,,A,159151,159151,1,,,
2026-02-28,NULA,D04,,Cartas de Venta Continua,,A,159279,159279,1,,,
2026-02-28,NULA,D04,,Cartas de Venta Continua,,A,159313,159313,1,,,
2026-02-28,NULA,D04,,Cartas de Venta Continua,,A,159319,159319,1,,,
2026-02-28,NULA,D04,,Cartas de Venta Continua,,A,159352,159353,2,,,
2026-02-28,NULA,D04,,Cartas de Venta Continua,,A,159378,159378,1,,,
2026-03-01,TRASLADO,D01,D02,Fondo Vialidad,3.43,C,133201,133300,100,,,"Traslado del 27/02/2026, registrado en el libro de marzo de 2026"
2026-03-10,COMPRA,D01,,Fondo Vialidad,3.43,C,257801,260800,3000,06585,,
2026-03-10,COMPRA,D01,,Tiquetes de Mercado,0.15,C,1,260000,260000,06585,,
2026-03-10,COMPRA,D01,,Tiquetes de Mercado,0.15,B,980001,1000000,20000,06585,,
2026-03-10,COMPRA,D01,,Tiquetes de Mercado,0.50,D,580001,650000,70000,06585,,
2026-03-10,COMPRA,D01,,Cartas de Venta Continua,,A,299511,309500,9990,06585,,
2026-03-10,COMPRA,D01,,Cartas de Venta Continua,,A,265651,265660,10,06585,,
2026-03-10,COMPRA,D01,,Tarjetas para Carnet de Identificación,0.30,A,66201,66700,500,06585,,
2026-03-10,COMPRA,D01,,Fórmulas 1-ISAM Continua,,E,145001,150000,5000,06585,,
2026-03-10,COMPRA,D01,,Títulos a Perpetuidad,0.53,A,249651,249800,150,06585,,
2026-03-10,COMPRA,D01,,Guías de Conducción de Ganado,,A,45001,49650,4650,06589,,
2026-03-10,COMPRA,D02,,Cartas de Venta Continua,,A,309501,314000,4500,06586,,
2026-03-10,COMPRA,D02,,Tarjetas para Carnet de Identificación,0.30,A,66701,66800,100,06586,,
2026-03-10,COMPRA,D02,,Fórmulas 1-ISAM Continua,,E,150001,155000,5000,06586,,
2026-03-10,COMPRA,D02,,Títulos a Perpetuidad,0.53,A,249801,249850,50,06586,,
2026-03-10,COMPRA,D02,,Guías de Conducción de Ganado,,A,44501,44800,300,06586,,
2026-03-10,COMPRA,D03,,Cartas de Venta Continua,,A,317751,320750,3000,06588,,
2026-03-10,COMPRA,D03,,Fórmulas 1-ISAM Continua,,E,160001,165000,5000,06588,,
2026-03-10,COMPRA,D03,,Guías de Conducción de Ganado,,A,44801,45000,200,06588,,
2026-03-10,COMPRA,D03,,Fondo Vialidad,3.43,C,261101,261200,100,06588,,
2026-03-10,COMPRA,D04,,Fondo Vialidad,3.43,C,260801,261100,300,06587,,
2026-03-10,COMPRA,D04,,Tiquetes de Mercado,0.25,M,700001,780000,80000,06587,,
2026-03-10,COMPRA,D04,,Tiquetes de Mercado,1.00,A,240001,250000,10000,06587,,
2026-03-10,COMPRA,D04,,Tarjetas de Control de Mercado,,A,68701,69200,500,06587,,
2026-03-23,COMPRA,D01,,Fórmulas 1-ISAM Continua,,E,237501,287500,50000,06585,,
2026-03-23,COMPRA,D02,,Fórmulas 1-ISAM Continua,,E,217501,227500,10000,06619,,
2026-03-23,COMPRA,D03,,Fórmulas 1-ISAM Continua,,E,235001,237500,2500,06621,,
2026-03-31,ASIGNACION_CAJA,D01,,Fórmulas 1-ISAM Continua,,E,237501,255000,17500,,CAJA 1,
2026-03-31,ASIGNACION_CAJA,D01,,Fórmulas 1-ISAM Continua,,E,255001,272500,17500,,CAJA 2,
2026-03-31,ASIGNACION_CAJA,D01,,Fórmulas 1-ISAM Continua,,E,272501,287500,15000,,RASTRO,
2026-03-31,ASIGNACION_CAJA,D01,,Fórmulas 1-ISAM Continua,,E,145001,150000,5000,,C. DOMICILIO,
2026-03-31,REALIZACION,D01,,Fondo Vialidad,3.43,C,132447,132457,11,,,
2026-03-31,REALIZACION,D01,,Fondo Vialidad,3.43,C,132459,132465,7,,,
2026-03-31,REALIZACION,D01,,Fondo Vialidad,3.43,C,132467,132471,5,,,
2026-03-31,REALIZACION,D01,,Fondo Vialidad,3.43,C,132473,132481,9,,,
2026-03-31,REALIZACION,D01,,Fondo Vialidad,3.43,C,132483,132485,3,,,
2026-03-31,REALIZACION,D01,,Fondo Vialidad,3.43,C,132487,132502,16,,,
2026-03-31,REALIZACION,D01,,Fondo Vialidad,3.43,C,132504,132555,52,,,
2026-03-31,REALIZACION,D01,,Fondo Vialidad,3.43,C,132557,132557,1,,,
2026-03-31,REALIZACION,D01,,Fondo Vialidad,3.43,C,132559,132586,28,,,
2026-03-31,REALIZACION,D01,,Fondo Vialidad,3.43,C,132588,132631,44,,,
2026-03-31,REALIZACION,D01,,Tiquetes de Mercado,0.15,J,209776,249813,40038,,,
2026-03-31,REALIZACION,D01,,Tiquetes de Mercado,0.50,D,126496,134170,7675,,,
2026-03-31,REALIZACION,D01,,Tiquetes de Mercado,1.00,B,834885,835234,350,,,
2026-03-31,REALIZACION,D01,,Tiquetes Servicio de Báscula,0.50,A,14769,14769,1,,,
2026-03-31,REALIZACION,D01,,Tiquetes Servicio de Báscula,0.50,A,15645,15890,246,,,
2026-03-31,REALIZACION,D01,,Cartas de Venta Continua,,A,133276,133316,41,,,
2026-03-31,REALIZACION,D01,,Cartas de Venta Continua,,A,133318,133359,42,,,
2026-03-31,REALIZACION,D01,,Cartas de Venta Continua,,A,133361,133452,92,,,
2026-03-31,REALIZACION,D01,,Cartas de Venta Continua,,A,133454,133476,23,,,
2026-03-31,REALIZACION,D01,,Cartas de Venta Continua,,A,133479,133483,5,,,
2026-03-31,REALIZACION,D01,,Cartas de Venta Continua,,A,133486,133489,4,,,
2026-03-31,REALIZACION,D01,,Cartas de Venta Continua,,A,133493,133497,5,,,
2026-03-31,REALIZACION,D01,,Cartas de Venta Continua,,A,133499,133544,46,,,
2026-03-31,REALIZACION,D01,,Cartas de Venta Continua,,A,133546,133550,5,,,
2026-03-31,REALIZACION,D01,,Cartas de Venta Continua,,A,133552,133554,3,,,
2026-03-31,REALIZACION,D01,,Cartas de Venta Continua,,A,133558,133576,19,,,
2026-03-31,REALIZACION,D01,,Cartas de Venta Continua,,A,133579,133620,42,,,
2026-03-31,REALIZACION,D01,,Cartas de Venta Continua,,A,133622,133622,1,,,
2026-03-31,REALIZACION,D01,,Cartas de Venta Continua,,A,133624,133643,20,,,
2026-03-31,REALIZACION,D01,,Cartas de Venta Continua,,A,133645,133647,3,,,
2026-03-31,REALIZACION,D01,,Cartas de Venta Continua,,A,133649,133663,15,,,
2026-03-31,REALIZACION,D01,,Cartas de Venta Continua,,A,133665,133669,5,,,
2026-03-31,REALIZACION,D01,,Cartas de Venta Continua,,A,133671,133698,28,,,
2026-03-31,REALIZACION,D01,,Cartas de Venta Continua,,A,133700,133750,51,,,
2026-03-31,REALIZACION,D01,,Cartas de Venta Continua,,A,133752,133817,66,,,
2026-03-31,REALIZACION,D01,,Cartas de Venta Continua,,A,133820,133821,2,,,
2026-03-31,REALIZACION,D01,,Cartas de Venta Continua,,A,133823,133847,25,,,
2026-03-31,REALIZACION,D01,,Cartas de Venta Continua,,A,133849,133860,12,,,
2026-03-31,REALIZACION,D01,,Cartas de Venta Continua,,A,133862,133875,14,,,
2026-03-31,REALIZACION,D01,,Cartas de Venta Continua,,A,133877,133880,4,,,
2026-03-31,REALIZACION,D01,,Cartas de Venta Continua,,A,133882,133905,24,,,
2026-03-31,REALIZACION,D01,,Cartas de Venta Continua,,A,133907,133912,6,,,
2026-03-31,REALIZACION,D01,,Cartas de Venta Continua,,A,133914,133918,5,,,
2026-03-31,REALIZACION,D01,,Cartas de Venta Continua,,A,133920,133933,14,,,
2026-03-31,REALIZACION,D01,,Cartas de Venta Continua,,A,133935,133950,16,,,
2026-03-31,REALIZACION,D01,,Cartas de Venta Continua,,A,133952,133952,1,,,
2026-03-31,REALIZACION,D01,,Cartas de Venta Continua,,A,133954,133970,17,,,
2026-03-31,REALIZACION,D01,,Cartas de Venta Continua,,A,133977,133998,22,,,
2026-03-31,REALIZACION,D01,,Cartas de Venta Continua,,A,134000,134010,11,,,
2026-03-31,REALIZACION,D01,,Cartas de Venta Continua,,A,134013,134045,33,,,
2026-03-31,REALIZACION,D01,,Cartas de Venta Continua,,A,134047,134086,40,,,
2026-03-31,REALIZACION,D01,,Cartas de Venta Continua,,A,134088,134091,4,,,
2026-03-31,REALIZACION,D01,,Cartas de Venta Continua,,A,134093,134105,13,,,
2026-03-31,REALIZACION,D01,,Cartas de Venta Continua,,A,134107,134114,8,,,
2026-03-31,REALIZACION,D01,,Cartas de Venta Continua,,A,134117,134118,2,,,
2026-03-31,REALIZACION,D01,,Cartas de Venta Continua,,A,134120,134148,29,,,
2026-03-31,REALIZACION,D01,,Cartas de Venta Continua,,A,134150,134192,43,,,
2026-03-31,REALIZACION,D01,,Cartas de Venta Continua,,A,134194,134197,4,,,
2026-03-31,REALIZACION,D01,,Cartas de Venta Continua,,A,134199,134220,22,,,
2026-03-31,REALIZACION,D01,,Cartas de Venta Continua,,A,134222,134223,2,,,
2026-03-31,REALIZACION,D01,,Cartas de Venta Continua,,A,134225,134290,66,,,
2026-03-31,REALIZACION,D01,,Cartas de Venta Continua,,A,134292,134312,21,,,
2026-03-31,REALIZACION,D01,,Cartas de Venta Continua,,A,134314,134338,25,,,
2026-03-31,REALIZACION,D01,,Cartas de Venta Continua,,A,134340,134367,28,,,
2026-03-31,REALIZACION,D01,,Cartas de Venta Continua,,A,134369,134392,24,,,
2026-03-31,REALIZACION,D01,,Cartas de Venta Continua,,A,134394,134428,35,,,
2026-03-31,REALIZACION,D01,,Tarjetas para Carnet de Identificación,0.30,A,40731,40750,20,,,
2026-03-31,REALIZACION,D01,,Tarjetas para Carnet de Identificación,0.30,A,40752,40825,74,,,
2026-03-31,REALIZACION,D01,,Fórmulas 1-ISAM Continua,,B,954745,954745,1,,CAJA 1,
2026-03-31,REALIZACION,D01,,Fórmulas 1-ISAM Continua,,C,894571,896578,2008,,CAJA 1,
2026-03-31,REALIZACION,D01,,Fórmulas 1-ISAM Continua,,B,971756,972500,745,,CAJA 2,
2026-03-31,REALIZACION,D01,,Fórmulas 1-ISAM Continua,,C,905001,905717,717,,CAJA 2,
2026-03-31,REALIZACION,D01,,Fórmulas 1-ISAM Continua,,C,923779,925373,1595,,RASTRO,
2026-03-31,REALIZACION,D01,,Fórmulas 1-ISAM Continua,,C,928523,928905,383,,C. DOMICILIO,
2026-03-31,REALIZACION,D01,,Fórmulas 1-ISAM Continua,,U,900327,900327,1,,AUXILIAR,
2026-03-31,REALIZACION,D01,,Títulos a Perpetuidad,0.53,A,233612,233632,21,,,
2026-03-31,REALIZACION,D02,,Cartas de Venta Continua,,A,163242,163260,19,,,
2026-03-31,REALIZACION,D02,,Cartas de Venta Continua,,A,163262,163408,147,,,
2026-03-31,REALIZACION,D02,,Tarjetas para Carnet de Identificación,0.30,A,367878,367881,4,,,
2026-03-31,REALIZACION,D02,,Títulos a Perpetuidad,0.53,A,234316,234320,5,,,
2026-03-31,REALIZACION,D02,,Tarjetas de Inmuebles,0.26,A,98899,98902,4,,,
2026-03-31,REALIZACION,D03,,Cartas de Venta Continua,,A,18493,18531,39,,,
2026-03-31,REALIZACION,D03,,Cartas de Venta Continua,,A,18533,18542,10,,,
2026-03-31,REALIZACION,D03,,Cartas de Venta Continua,,A,18544,18569,26,,,
2026-03-31,REALIZACION,D03,,Cartas de Venta Continua,,A,18571,18591,21,,,
2026-03-31,REALIZACION,D03,,Cartas de Venta Continua,,A,18594,18625,32,,,
2026-03-31,REALIZACION,D03,,Cartas de Venta Continua,,A,18627,18649,23,,,
2026-03-31,REALIZACION,D03,,Cartas de Venta Continua,,A,18651,18656,6,,,
2026-03-31,REALIZACION,D03,,Cartas de Venta Continua,,A,18658,18722,65,,,
2026-03-31,REALIZACION,D03,,Fórmulas 1-ISAM Continua,,C,931338,931856,519,,,
2026-03-31,REALIZACION,D03,,Fondo Vialidad,3.43,C,555441,555442,2,,,
2026-03-31,REALIZACION,D04,,Fondo Vialidad,3.43,C,85707,85709,3,,,
2026-03-31,REALIZACION,D04,,Fondo Vialidad,3.43,C,85711,85726,16,,,
2026-03-31,REALIZACION,D04,,Fondo Vialidad,3.43,C,85728,85730,3,,,
2026-03-31,REALIZACION,D04,,Tiquetes de Mercado,0.25,E,257301,263210,5910,,,
2026-03-31,REALIZACION,D04,,Tiquetes de Mercado,1.00,I,595044,596386,1343,,,
2026-03-31,REALIZACION,D04,,Tarjetas de Control de Mercado,,B,99828,99908,81,,,
2026-03-31,NULA,D01,,Fondo Vialidad,3.43,C,132458,132458,1,,,
2026-03-31,NULA,D01,,Fondo Vialidad,3.43,C,132466,132466,1,,,
2026-03-31,NULA,D01,,Fondo Vialidad,3.43,C,132472,132472,1,,,
2026-03-31,NULA,D01,,Fondo Vialidad,3.43,C,132482,132482,1,,,
2026-03-31,NULA,D01,,Fondo Vialidad,3.43,C,132486,132486,1,,,
2026-03-31,NULA,D01,,Fondo Vialidad,3.43,C,132503,132503,1,,,
2026-03-31,NULA,D01,,Fondo Vialidad,3.43,C,132556,132556,1,,,
2026-03-31,NULA,D01,,Fondo Vialidad,3.43,C,132558,132558,1,,,
2026-03-31,NULA,D01,,Fondo Vialidad,3.43,C,132587,132587,1,,,
2026-03-31,NULA,D01,,Cartas de Venta Continua,,A,133317,133317,1,,,
2026-03-31,NULA,D01,,Cartas de Venta Continua,,A,133360,133360,1,,,
2026-03-31,NULA,D01,,Cartas de Venta Continua,,A,133453,133453,1,,,
2026-03-31,NULA,D01,,Cartas de Venta Continua,,A,133477,133478,2,,,
2026-03-31,NULA,D01,,Cartas de Venta Continua,,A,133484,133485,2,,,
2026-03-31,NULA,D01,,Cartas de Venta Continua,,A,133490,133492,3,,,
2026-03-31,NULA,D01,,Cartas de Venta Continua,,A,133498,133498,1,,,
2026-03-31,NULA,D01,,Cartas de Venta Continua,,A,133545,133545,1,,,
2026-03-31,NULA,D01,,Cartas de Venta Continua,,A,133551,133551,1,,,
2026-03-31,NULA,D01,,Cartas de Venta Continua,,A,133555,133557,3,,,
2026-03-31,NULA,D01,,Cartas de Venta Continua,,A,133577,133578,2,,,
2026-03-31,NULA,D01,,Cartas de Venta Continua,,A,133621,133621,1,,,
2026-03-31,NULA,D01,,Cartas de Venta Continua,,A,133623,133623,1,,,
2026-03-31,NULA,D01,,Cartas de Venta Continua,,A,133644,133644,1,,,
2026-03-31,NULA,D01,,Cartas de Venta Continua,,A,133648,133648,1,,,
2026-03-31,NULA,D01,,Cartas de Venta Continua,,A,133664,133664,1,,,
2026-03-31,NULA,D01,,Cartas de Venta Continua,,A,133670,133670,1,,,
2026-03-31,NULA,D01,,Cartas de Venta Continua,,A,133699,133699,1,,,
2026-03-31,NULA,D01,,Cartas de Venta Continua,,A,133751,133751,1,,,
2026-03-31,NULA,D01,,Cartas de Venta Continua,,A,133818,133819,2,,,
2026-03-31,NULA,D01,,Cartas de Venta Continua,,A,133822,133822,1,,,
2026-03-31,NULA,D01,,Cartas de Venta Continua,,A,133848,133848,1,,,
2026-03-31,NULA,D01,,Cartas de Venta Continua,,A,133861,133861,1,,,
2026-03-31,NULA,D01,,Cartas de Venta Continua,,A,133876,133876,1,,,
2026-03-31,NULA,D01,,Cartas de Venta Continua,,A,133881,133881,1,,,
2026-03-31,NULA,D01,,Cartas de Venta Continua,,A,133906,133906,1,,,
2026-03-31,NULA,D01,,Cartas de Venta Continua,,A,133913,133913,1,,,
2026-03-31,NULA,D01,,Cartas de Venta Continua,,A,133919,133919,1,,,
2026-03-31,NULA,D01,,Cartas de Venta Continua,,A,133934,133934,1,,,
2026-03-31,NULA,D01,,Cartas de Venta Continua,,A,133951,133951,1,,,
2026-03-31,NULA,D01,,Cartas de Venta Continua,,A,133953,133953,1,,,
2026-03-31,NULA,D01,,Cartas de Venta Continua,,A,133971,133976,6,,,
2026-03-31,NULA,D01,,Cartas de Venta Continua,,A,133999,133999,1,,,
2026-03-31,NULA,D01,,Cartas de Venta Continua,,A,134011,134012,2,,,
2026-03-31,NULA,D01,,Cartas de Venta Continua,,A,134046,134046,1,,,
2026-03-31,NULA,D01,,Cartas de Venta Continua,,A,134087,134087,1,,,
2026-03-31,NULA,D01,,Cartas de Venta Continua,,A,134092,134092,1,,,
2026-03-31,NULA,D01,,Cartas de Venta Continua,,A,134106,134106,1,,,
2026-03-31,NULA,D01,,Cartas de Venta Continua,,A,134115,134116,2,,,
2026-03-31,NULA,D01,,Cartas de Venta Continua,,A,134119,134119,1,,,
2026-03-31,NULA,D01,,Cartas de Venta Continua,,A,134149,134149,1,,,
2026-03-31,NULA,D01,,Cartas de Venta Continua,,A,134193,134193,1,,,
2026-03-31,NULA,D01,,Cartas de Venta Continua,,A,134198,134198,1,,,
2026-03-31,NULA,D01,,Cartas de Venta Continua,,A,134221,134221,1,,,
2026-03-31,NULA,D01,,Cartas de Venta Continua,,A,134224,134224,1,,,
2026-03-31,NULA,D01,,Cartas de Venta Continua,,A,134291,134291,1,,,
2026-03-31,NULA,D01,,Cartas de Venta Continua,,A,134313,134313,1,,,
2026-03-31,NULA,D01,,Cartas de Venta Continua,,A,134339,134339,1,,,
2026-03-31,NULA,D01,,Cartas de Venta Continua,,A,134368,134368,1,,,
2026-03-31,NULA,D01,,Cartas de Venta Continua,,A,134393,134393,1,,,
2026-03-31,NULA,D01,,Tarjetas para Carnet de Identificación,0.30,A,40751,40751,1,,,
2026-03-31,NULA,D02,,Cartas de Venta Continua,,A,163261,163261,1,,,
2026-03-31,NULA,D03,,Cartas de Venta Continua,,A,18532,18532,1,,,
2026-03-31,NULA,D03,,Cartas de Venta Continua,,A,18543,18543,1,,,
2026-03-31,NULA,D03,,Cartas de Venta Continua,,A,18570,18570,1,,,
2026-03-31,NULA,D03,,Cartas de Venta Continua,,A,18592,18593,2,,,
2026-03-31,NULA,D03,,Cartas de Venta Continua,,A,18626,18626,1,,,
2026-03-31,NULA,D03,,Cartas de Venta Continua,,A,18650,18650,1,,,
2026-03-31,NULA,D03,,Cartas de Venta Continua,,A,18657,18657,1,,,
2026-03-31,NULA,D04,,Fondo Vialidad,3.43,C,85710,85710,1,,,
2026-03-31,NULA,D04,,Fondo Vialidad,3.43,C,85727,85727,1,,,
